Time,DemandDelta,Demand,ChargeLimitOffset,ChargeLimit,BaselineCharge,Status,Price,PriceChange,Objective,ObjectiveChange,SecantPrice,Charge,EffectiveDemand,NetDemand,UnusedRenewable,ZeroPrice
1,0.0,100.0,,200.0,100.0,OPTIMAL,43.1,0.0,19448.88888888889,0.0,,100.0,200.0,200.0,0.0,false
1,-1.0e-6,99.999999,,200.0,100.0,OPTIMAL,43.1,0.0,19448.888716488887,-0.00017240000306628644,43.10000076657161,100.000001,200.0,200.0,0.0,false
1,-1.778279410038923e-6,99.99999822172059,,200.0,100.0,OPTIMAL,43.1,0.0,19448.88858231352,-0.0003065753699047491,43.09999994573951,100.00000177827941,200.0,200.0,0.0,false
1,-3.162277660168379e-6,99.99999683772234,,200.0,100.0,OPTIMAL,43.1,0.0,19448.88834371222,-0.0005451766701298766,43.10000011991736,100.00000316227766,200.0,200.0,0.0,false
1,-5.623413251903491e-6,99.99999437658674,,200.0,100.0,OPTIMAL,43.1,0.0,19448.887919412446,-0.0009694764448795468,43.100000011175815,100.00000562341326,200.0,200.0,0.0,false
1,-1.0e-5,99.99999,,200.0,100.0,OPTIMAL,43.1,0.0,19448.88716488889,-0.001724000001559034,43.10000003897585,100.00001,200.0,200.0,0.0,false
1,-1.778279410038923e-5,99.9999822172059,,200.0,100.0,OPTIMAL,43.1,0.0,19448.885823135184,-0.0030657537063234486,43.100000048028804,100.0000177827941,200.0,200.0,0.0,false
1,-3.1622776601683795e-5,99.9999683772234,,200.0,100.0,OPTIMAL,43.1,0.0,19448.883437122204,-0.005451766686746851,43.10000000487437,100.0000316227766,200.0,200.0,0.0,false
1,-5.623413251903491e-5,99.99994376586749,,200.0,100.0,OPTIMAL,43.1,0.0,19448.87919412444,-0.009694764448795468,43.100000011175815,100.00005623413251,200.0,200.0,0.0,false
1,-0.0001,99.9999,,200.0,100.0,OPTIMAL,43.1,0.0,19448.87164888889,-0.017240000001038425,43.10000000259606,100.0001,200.0,200.0,0.0,false
1,-0.00017782794100389227,99.999822172059,,200.0,100.0,OPTIMAL,43.1,0.0,19448.85823135186,-0.030657537030492676,43.10000000199863,100.000177827941,200.0,200.0,0.0,false
1,-0.00031622776601683794,99.99968377223398,,200.0,100.0,OPTIMAL,43.1,0.0,19448.834371222027,-0.05451766686383053,43.100000001998296,100.00031622776602,200.0,200.0,0.0,false
1,-0.0005623413251903491,99.99943765867481,,200.0,100.0,OPTIMAL,43.1,0.0,19448.791941244424,-0.0969476444661268,43.1000000014718,100.00056234132519,200.0,200.0,0.0,false
1,-0.001,99.999,,200.0,100.0,OPTIMAL,43.1,0.0,19448.716488888887,-0.1724000000031083,43.10000000077707,100.001,200.0,200.0,0.0,false
1,-0.0017782794100389228,99.99822172058997,,200.0,100.0,OPTIMAL,43.1,0.0,19448.5823135186,-0.30657537029037485,43.09999999995284,100.00177827941003,200.0,200.0,0.0,false
1,-0.0031622776601683794,99.99683772233983,,200.0,100.0,OPTIMAL,43.1,0.0,19448.343712220278,-0.5451766686128394,43.099999999985044,100.00316227766017,200.0,200.0,0.0,false
1,-0.005623413251903491,99.9943765867481,,200.0,100.0,OPTIMAL,43.1,0.0,19447.919412444262,-0.9694764446285262,43.1000000000162,100.0056234132519,200.0,200.0,0.0,false
1,-0.010000000000000002,99.99,,200.0,100.0,OPTIMAL,43.1,0.0,19447.16488888889,-1.724000000001979,43.10000000004947,100.01,200.0,200.0,0.0,false
1,-0.01778279410038923,99.98221720589962,,200.0,100.0,OPTIMAL,43.1,0.0,19445.82313518598,-3.0657537029110244,43.100000000055125,100.01778279410038,200.0,200.0,0.0,false
1,-0.03162277660168379,99.96837722339832,,200.0,100.0,OPTIMAL,43.1,0.0,19443.43712220276,-5.451766686132032,43.10000000001381,100.03162277660168,200.0,200.0,0.0,false
1,-0.05623413251903491,99.94376586748096,,200.0,100.0,OPTIMAL,43.1,0.0,19439.194124442605,-9.694764446285262,43.100000000016195,100.05623413251904,200.0,200.0,0.0,false
1,-0.1,99.9,,200.0,100.0,OPTIMAL,43.1,0.0,19431.64888888889,-17.2400000000016,43.100000000004,100.1,200.0,200.0,0.0,false
1,-0.1778279410038923,99.8221720589961,,200.0,100.0,OPTIMAL,43.1,0.0,19418.231351859817,-30.657537029073865,43.10000000000398,100.1778279410039,200.0,200.0,0.0,false
1,-0.31622776601683794,99.68377223398316,,200.0,100.0,OPTIMAL,43.1,0.0,19394.371222027585,-54.51766686130577,43.1000000000023,100.31622776601684,200.0,200.0,0.0,false
1,-0.5623413251903491,99.43765867480965,,200.0,100.0,OPTIMAL,43.1,0.0,19351.941244426074,-96.94764446281624,43.10000000000003,100.56234132519035,200.0,200.0,0.0,false
1,-1.0,99.0,,200.0,100.0,OPTIMAL,43.1,0.0,19276.48888888889,-172.40000000000146,43.100000000000364,101.0,200.0,200.0,0.0,false
1,1.0e-6,100.000001,,200.0,100.0,OPTIMAL,43.1,0.0,19448.889061288886,0.00017239999579032883,43.09999894758221,99.999999,200.0,200.0,0.0,false
1,1.778279410038923e-6,100.00000177827941,,200.0,100.0,OPTIMAL,43.1,0.0,19448.88919546426,0.0003065753699047491,43.09999994573951,99.99999822172059,200.0,200.0,0.0,false
1,3.162277660168379e-6,100.00000316227766,,200.0,100.0,OPTIMAL,43.1,0.0,19448.889434065557,0.0005451766664918978,43.099999832309884,99.99999683772234,200.0,200.0,0.0,false
1,5.623413251903491e-6,100.00000562341326,,200.0,100.0,OPTIMAL,43.1,0.0,19448.889858365335,0.0009694764448795468,43.100000011175815,99.99999437658674,200.0,200.0,0.0,false
1,1.0e-5,100.00001,,200.0,100.0,OPTIMAL,43.1,0.0,19448.890612888892,0.001724000001559034,43.10000003897585,99.99999,200.0,200.0,0.0,false
1,1.778279410038923e-5,100.0000177827941,,200.0,100.0,OPTIMAL,43.1,0.0,19448.891954642593,0.0030657537026854698,43.09999999688416,99.9999822172059,200.0,200.0,0.0,false
1,3.1622776601683795e-5,100.0000316227766,,200.0,100.0,OPTIMAL,43.1,0.0,19448.894340655574,0.005451766683108872,43.09999997611362,99.9999683772234,200.0,200.0,0.0,false
1,5.623413251903491e-5,100.00005623413251,,200.0,100.0,OPTIMAL,43.1,0.0,19448.898583653332,0.00969476444151951,43.0999999788291,99.99994376586749,200.0,200.0,0.0,false
1,0.0001,100.0001,,200.0,100.0,OPTIMAL,43.1,0.0,19448.906128888888,0.017239999997400446,43.099999993501115,99.9999,200.0,200.0,0.0,false
1,0.00017782794100389227,100.000177827941,,200.0,100.0,OPTIMAL,43.1,0.0,19448.919546425917,0.030657537026854698,43.099999996884165,99.999822172059,200.0,200.0,0.0,false
1,0.00031622776601683794,100.00031622776602,,200.0,100.0,OPTIMAL,43.1,0.0,19448.94340655575,0.05451766686019255,43.09999999912222,99.99968377223398,200.0,200.0,0.0,false
1,0.0005623413251903491,100.00056234132519,,200.0,100.0,OPTIMAL,43.1,0.0,19448.985836533353,0.09694764446248882,43.09999999985447,99.99943765867481,200.0,200.0,0.0,false
1,0.001,100.001,,200.0,100.0,OPTIMAL,43.1,0.0,19449.06128888889,0.1723999999994703,43.09999999986758,99.999,200.0,200.0,0.0,false
1,0.0017782794100389228,100.00177827941003,,200.0,100.0,OPTIMAL,43.1,0.0,19449.19546425918,0.30657537029037485,43.09999999995284,99.99822172058997,200.0,200.0,0.0,false
1,0.0031622776601683794,100.00316227766017,,200.0,100.0,OPTIMAL,43.1,0.0,19449.4340655575,0.5451766686092014,43.09999999969744,99.99683772233983,200.0,200.0,0.0,false
1,0.005623413251903491,100.0056234132519,,200.0,100.0,OPTIMAL,43.1,0.0,19449.858365333515,0.9694764446248882,43.09999999985447,99.9943765867481,200.0,200.0,0.0,false
1,0.010000000000000002,100.01,,200.0,100.0,OPTIMAL,43.1,0.0,19450.61288888889,1.723999999998341,43.09999999995852,99.99,200.0,200.0,0.0,false
1,0.01778279410038923,100.01778279410038,,200.0,100.0,OPTIMAL,43.1,0.0,19451.954642591794,3.0657537029037485,43.099999999952836,99.98221720589962,200.0,200.0,0.0,false
1,0.03162277660168379,100.03162277660168,,200.0,100.0,OPTIMAL,43.1,0.0,19454.34065557502,5.451766686128394,43.099999999985044,99.96837722339832,200.0,200.0,0.0,false
1,0.05623413251903491,100.05623413251904,,200.0,100.0,OPTIMAL,43.1,0.0,19458.58365333517,9.694764446277986,43.09999999998385,99.94376586748096,200.0,200.0,0.0,false
1,0.1,100.1,,200.0,100.0,OPTIMAL,43.1,0.0,19466.12888888889,17.239999999997963,43.09999999999491,99.9,200.0,200.0,0.0,false
1,0.1778279410038923,100.1778279410039,,200.0,100.0,OPTIMAL,43.1,0.0,19479.546425917957,30.65753702906659,43.099999999993756,99.8221720589961,200.0,200.0,0.0,false
1,0.31622776601683794,100.31622776601684,,200.0,100.0,OPTIMAL,43.1,0.0,19503.406555750193,54.51766686130213,43.099999999999426,99.68377223398316,200.0,200.0,0.0,false
1,0.5623413251903491,100.56234132519035,,200.0,100.0,OPTIMAL,43.1,0.0,19545.836533351703,96.9476444628126,43.09999999999841,99.43765867480965,200.0,200.0,0.0,false
1,1.0,101.0,,200.0,100.0,OPTIMAL,43.1,0.0,19621.28888888889,172.39999999999782,43.099999999999454,99.0,200.0,200.0,0.0,false
1,0.0,100.0,0.0,100.0,100.0,OPTIMAL,43.1,0.0,19448.88888888889,0.0,,100.0,200.0,200.0,0.0,false
1,-1.0e-6,99.999999,0.0,100.0,100.0,OPTIMAL,-0.0,-43.1,19448.88888888889,0.0,,100.0,199.999999,199.999999,9.999999974752427e-7,true
1,-1.778279410038923e-6,99.99999822172059,0.0,100.0,100.0,OPTIMAL,-0.0,-43.1,19448.88888888889,0.0,,100.0,199.9999982217206,199.9999982217206,1.7782793975129607e-6,true
1,-3.162277660168379e-6,99.99999683772234,0.0,100.0,100.0,OPTIMAL,-0.0,-43.1,19448.88888888889,0.0,,100.0,199.99999683772234,199.99999683772234,3.162277664614521e-6,true
1,-5.623413251903491e-6,99.99999437658674,0.0,100.0,100.0,OPTIMAL,-0.0,-43.1,19448.88888888889,0.0,,100.0,199.99999437658676,199.99999437658676,5.623413244393305e-6,true
1,-1.0e-5,99.99999,0.0,100.0,100.0,OPTIMAL,-0.0,-43.1,19448.88888888889,0.0,,100.0,199.99999,199.99999,1.0000000003174137e-5,true
1,-1.778279410038923e-5,99.9999822172059,0.0,100.0,100.0,OPTIMAL,-0.0,-43.1,19448.88888888889,0.0,,100.0,199.9999822172059,199.9999822172059,1.7782794088816445e-5,true
1,-3.1622776601683795e-5,99.9999683772234,0.0,100.0,100.0,OPTIMAL,-0.0,-43.1,19448.88888888889,0.0,,100.0,199.9999683772234,199.9999683772234,3.162277658930179e-5,true
1,-5.623413251903491e-5,99.99994376586749,0.0,100.0,100.0,OPTIMAL,-0.0,-43.1,19448.88888888889,0.0,,100.0,199.9999437658675,199.9999437658675,5.623413250077647e-5,true
1,-0.0001,99.9999,0.0,100.0,100.0,OPTIMAL,-0.0,-43.1,19448.88888888889,0.0,,100.0,199.9999,199.9999,0.00010000000000331966,true
1,-0.00017782794100389227,99.999822172059,0.0,100.0,100.0,OPTIMAL,-0.0,-43.1,19448.88888888889,0.0,,100.0,199.999822172059,199.999822172059,0.00017782794100185129,true
1,-0.00031622776601683794,99.99968377223398,0.0,100.0,100.0,OPTIMAL,-0.0,-43.1,19448.88888888889,0.0,,100.0,199.999683772234,199.999683772234,0.00031622776600670477,true
1,-0.0005623413251903491,99.99943765867481,0.0,100.0,100.0,OPTIMAL,-0.0,-43.1,19448.88888888889,0.0,,100.0,199.99943765867482,199.99943765867482,0.0005623413251782949,true
1,-0.001,99.999,0.0,100.0,100.0,OPTIMAL,-0.0,-43.1,19448.88888888889,0.0,,100.0,199.999,199.999,0.0010000000000047748,true
1,-0.0017782794100389228,99.99822172058997,0.0,100.0,100.0,OPTIMAL,-0.0,-43.1,19448.88888888889,0.0,,100.0,199.99822172058998,199.99822172058998,0.0017782794100185129,true
1,-0.0031622776601683794,99.99683772233983,0.0,100.0,100.0,OPTIMAL,-0.0,-43.1,19448.88888888889,0.0,,100.0,199.99683772233982,199.99683772233982,0.0031622776601807345,true
1,-0.005623413251903491,99.9943765867481,0.0,100.0,100.0,OPTIMAL,-0.0,-43.1,19448.88888888889,0.0,,100.0,199.9943765867481,199.9943765867481,0.005623413251896636,true
1,-0.010000000000000002,99.99,0.0,100.0,100.0,OPTIMAL,-0.0,-43.1,19448.88888888889,0.0,,100.0,199.99,199.99,0.009999999999990905,true
1,-0.01778279410038923,99.98221720589962,0.0,100.0,100.0,OPTIMAL,-0.0,-43.1,19448.88888888889,0.0,,100.0,199.98221720589962,199.98221720589962,0.01778279410038408,true
1,-0.03162277660168379,99.96837722339832,0.0,100.0,100.0,OPTIMAL,-0.0,-43.1,19448.88888888889,0.0,,100.0,199.9683772233983,199.9683772233983,0.03162277660169366,true
1,-0.05623413251903491,99.94376586748096,0.0,100.0,100.0,OPTIMAL,-0.0,-43.1,19448.88888888889,0.0,,100.0,199.94376586748098,199.94376586748098,0.056234132519023206,true
1,-0.1,99.9,0.0,100.0,100.0,OPTIMAL,-0.0,-43.1,19448.88888888889,0.0,,100.0,199.9,199.9,0.09999999999999432,true
1,-0.1778279410038923,99.8221720589961,0.0,100.0,100.0,OPTIMAL,-0.0,-43.1,19448.88888888889,0.0,,100.0,199.8221720589961,199.8221720589961,0.17782794100389765,true
1,-0.31622776601683794,99.68377223398316,0.0,100.0,100.0,OPTIMAL,-0.0,-43.1,19448.88888888889,0.0,,100.0,199.68377223398318,199.68377223398318,0.3162277660168229,true
1,-0.5623413251903491,99.43765867480965,0.0,100.0,100.0,OPTIMAL,-0.0,-43.1,19448.88888888889,0.0,,100.0,199.43765867480965,199.43765867480965,0.5623413251903457,true
1,-1.0,99.0,0.0,100.0,100.0,OPTIMAL,-0.0,-43.1,19448.88888888889,0.0,,100.0,199.0,199.0,1.0,true
1,1.0e-6,100.000001,0.0,100.0,100.0,OPTIMAL,43.1,0.0,19448.889061288886,0.00017239999579032883,,99.999999,200.0,200.0,0.0,false
1,1.778279410038923e-6,100.00000177827941,0.0,100.0,100.0,OPTIMAL,43.1,0.0,19448.88919546426,0.0003065753699047491,,99.99999822172059,200.0,200.0,0.0,false
1,3.162277660168379e-6,100.00000316227766,0.0,100.0,100.0,OPTIMAL,43.1,0.0,19448.889434065557,0.0005451766664918978,,99.99999683772234,200.0,200.0,0.0,false
1,5.623413251903491e-6,100.00000562341326,0.0,100.0,100.0,OPTIMAL,43.1,0.0,19448.889858365335,0.0009694764448795468,,99.99999437658674,200.0,200.0,0.0,false
1,1.0e-5,100.00001,0.0,100.0,100.0,OPTIMAL,43.1,0.0,19448.890612888892,0.001724000001559034,,99.99999,200.0,200.0,0.0,false
1,1.778279410038923e-5,100.0000177827941,0.0,100.0,100.0,OPTIMAL,43.1,0.0,19448.891954642593,0.0030657537026854698,,99.9999822172059,200.0,200.0,0.0,false
1,3.1622776601683795e-5,100.0000316227766,0.0,100.0,100.0,OPTIMAL,43.1,0.0,19448.894340655574,0.005451766683108872,,99.9999683772234,200.0,200.0,0.0,false
1,5.623413251903491e-5,100.00005623413251,0.0,100.0,100.0,OPTIMAL,43.1,0.0,19448.898583653332,0.00969476444151951,,99.99994376586749,200.0,200.0,0.0,false
1,0.0001,100.0001,0.0,100.0,100.0,OPTIMAL,43.1,0.0,19448.906128888888,0.017239999997400446,,99.9999,200.0,200.0,0.0,false
1,0.00017782794100389227,100.000177827941,0.0,100.0,100.0,OPTIMAL,43.1,0.0,19448.919546425917,0.030657537026854698,,99.999822172059,200.0,200.0,0.0,false
1,0.00031622776601683794,100.00031622776602,0.0,100.0,100.0,OPTIMAL,43.1,0.0,19448.94340655575,0.05451766686019255,,99.99968377223398,200.0,200.0,0.0,false
1,0.0005623413251903491,100.00056234132519,0.0,100.0,100.0,OPTIMAL,43.1,0.0,19448.985836533353,0.09694764446248882,,99.99943765867481,200.0,200.0,0.0,false
1,0.001,100.001,0.0,100.0,100.0,OPTIMAL,43.1,0.0,19449.06128888889,0.1723999999994703,,99.999,200.0,200.0,0.0,false
1,0.0017782794100389228,100.00177827941003,0.0,100.0,100.0,OPTIMAL,43.1,0.0,19449.19546425918,0.30657537029037485,,99.99822172058997,200.0,200.0,0.0,false
1,0.0031622776601683794,100.00316227766017,0.0,100.0,100.0,OPTIMAL,43.1,0.0,19449.4340655575,0.5451766686092014,,99.99683772233983,200.0,200.0,0.0,false
1,0.005623413251903491,100.0056234132519,0.0,100.0,100.0,OPTIMAL,43.1,0.0,19449.858365333515,0.9694764446248882,,99.9943765867481,200.0,200.0,0.0,false
1,0.010000000000000002,100.01,0.0,100.0,100.0,OPTIMAL,43.1,0.0,19450.61288888889,1.723999999998341,,99.99,200.0,200.0,0.0,false
1,0.01778279410038923,100.01778279410038,0.0,100.0,100.0,OPTIMAL,43.1,0.0,19451.954642591794,3.0657537029037485,,99.98221720589962,200.0,200.0,0.0,false
1,0.03162277660168379,100.03162277660168,0.0,100.0,100.0,OPTIMAL,43.1,0.0,19454.34065557502,5.451766686128394,,99.96837722339832,200.0,200.0,0.0,false
1,0.05623413251903491,100.05623413251904,0.0,100.0,100.0,OPTIMAL,43.1,0.0,19458.58365333517,9.694764446277986,,99.94376586748096,200.0,200.0,0.0,false
1,0.1,100.1,0.0,100.0,100.0,OPTIMAL,43.1,0.0,19466.12888888889,17.239999999997963,,99.9,200.0,200.0,0.0,false
1,0.1778279410038923,100.1778279410039,0.0,100.0,100.0,OPTIMAL,43.1,0.0,19479.546425917957,30.65753702906659,,99.8221720589961,200.0,200.0,0.0,false
1,0.31622776601683794,100.31622776601684,0.0,100.0,100.0,OPTIMAL,43.1,0.0,19503.406555750193,54.51766686130213,,99.68377223398316,200.0,200.0,0.0,false
1,0.5623413251903491,100.56234132519035,0.0,100.0,100.0,OPTIMAL,43.1,0.0,19545.836533351703,96.9476444628126,,99.43765867480965,200.0,200.0,0.0,false
1,1.0,101.0,0.0,100.0,100.0,OPTIMAL,43.1,0.0,19621.28888888889,172.39999999999782,,99.0,200.0,200.0,0.0,false
1,0.0,100.0,-0.001,99.999,100.0,OPTIMAL,-0.0,-43.1,19449.06128888889,0.1723999999994703,,99.999,199.999,199.999,0.0010000000000047748,true
1,-1.0e-6,99.999999,-0.001,99.999,100.0,OPTIMAL,-0.0,-43.1,19449.06128888889,0.1723999999994703,,99.999,199.998999,199.998999,0.00100100000000225,true
1,-1.778279410038923e-6,99.99999822172059,-0.001,99.999,100.0,OPTIMAL,-0.0,-43.1,19449.06128888889,0.1723999999994703,,99.999,199.99899822172057,199.99899822172057,0.0010017782794307095,true
1,-3.162277660168379e-6,99.99999683772234,-0.001,99.999,100.0,OPTIMAL,-0.0,-43.1,19449.06128888889,0.1723999999994703,,99.999,199.99899683772233,199.99899683772233,0.0010031622776693894,true
1,-5.623413251903491e-6,99.99999437658674,-0.001,99.999,100.0,OPTIMAL,-0.0,-43.1,19449.06128888889,0.1723999999994703,,99.999,199.99899437658672,199.99899437658672,0.0010056234132775899,true
1,-1.0e-5,99.99999,-0.001,99.999,100.0,OPTIMAL,-0.0,-43.1,19449.06128888889,0.1723999999994703,,99.999,199.99899,199.99899,0.001010000000007949,true
1,-1.778279410038923e-5,99.9999822172059,-0.001,99.999,100.0,OPTIMAL,-0.0,-43.1,19449.06128888889,0.1723999999994703,,99.999,199.99898221720588,199.99898221720588,0.001017782794122013,true
1,-3.1622776601683795e-5,99.9999683772234,-0.001,99.999,100.0,OPTIMAL,-0.0,-43.1,19449.06128888889,0.1723999999994703,,99.999,199.99896837722338,199.99896837722338,0.0010316227766224983,true
1,-5.623413251903491e-5,99.99994376586749,-0.001,99.999,100.0,OPTIMAL,-0.0,-43.1,19449.06128888889,0.1723999999994703,,99.999,199.99894376586747,199.99894376586747,0.001056234132533973,true
1,-0.0001,99.9999,-0.001,99.999,100.0,OPTIMAL,-0.0,-43.1,19449.06128888889,0.1723999999994703,,99.999,199.9989,199.9989,0.0011000000000080945,true
1,-0.00017782794100389227,99.999822172059,-0.001,99.999,100.0,OPTIMAL,-0.0,-43.1,19449.06128888889,0.1723999999994703,,99.999,199.998822172059,199.998822172059,0.0011778279410066261,true
1,-0.00031622776601683794,99.99968377223398,-0.001,99.999,100.0,OPTIMAL,-0.0,-43.1,19449.06128888889,0.1723999999994703,,99.999,199.99868377223396,199.99868377223396,0.0013162277660399013,true
1,-0.0005623413251903491,99.99943765867481,-0.001,99.999,100.0,OPTIMAL,-0.0,-43.1,19449.06128888889,0.1723999999994703,,99.999,199.9984376586748,199.9984376586748,0.0015623413252114915,true
1,-0.001,99.999,-0.001,99.999,100.0,OPTIMAL,-0.0,-43.1,19449.06128888889,0.1723999999994703,,99.999,199.998,199.998,0.0020000000000095497,true
1,-0.0017782794100389228,99.99822172058997,-0.001,99.999,100.0,OPTIMAL,-0.0,-43.1,19449.06128888889,0.1723999999994703,,99.999,199.99722172058995,199.99722172058995,0.0027782794100517094,true
1,-0.0031622776601683794,99.99683772233983,-0.001,99.999,100.0,OPTIMAL,-0.0,-43.1,19449.06128888889,0.1723999999994703,,99.999,199.99583772233984,199.99583772233984,0.004162277660157088,true
1,-0.005623413251903491,99.9943765867481,-0.001,99.999,100.0,OPTIMAL,-0.0,-43.1,19449.06128888889,0.1723999999994703,,99.999,199.9933765867481,199.9933765867481,0.006623413251901411,true
1,-0.010000000000000002,99.99,-0.001,99.999,100.0,OPTIMAL,-0.0,-43.1,19449.06128888889,0.1723999999994703,,99.999,199.98899999999998,199.98899999999998,0.011000000000024102,true
1,-0.01778279410038923,99.98221720589962,-0.001,99.999,100.0,OPTIMAL,-0.0,-43.1,19449.06128888889,0.1723999999994703,,99.999,199.9812172058996,199.9812172058996,0.018782794100388855,true
1,-0.03162277660168379,99.96837722339832,-0.001,99.999,100.0,OPTIMAL,-0.0,-43.1,19449.06128888889,0.1723999999994703,,99.999,199.96737722339833,199.96737722339833,0.03262277660167001,true
1,-0.05623413251903491,99.94376586748096,-0.001,99.999,100.0,OPTIMAL,-0.0,-43.1,19449.06128888889,0.1723999999994703,,99.999,199.94276586748094,199.94276586748094,0.0572341325190564,true
1,-0.1,99.9,-0.001,99.999,100.0,OPTIMAL,-0.0,-43.1,19449.06128888889,0.1723999999994703,,99.999,199.899,199.899,0.10099999999999909,true
1,-0.1778279410038923,99.8221720589961,-0.001,99.999,100.0,OPTIMAL,-0.0,-43.1,19449.06128888889,0.1723999999994703,,99.999,199.8211720589961,199.8211720589961,0.17882794100390242,true
1,-0.31622776601683794,99.68377223398316,-0.001,99.999,100.0,OPTIMAL,-0.0,-43.1,19449.06128888889,0.1723999999994703,,99.999,199.68277223398314,199.68277223398314,0.3172277660168561,true
1,-0.5623413251903491,99.43765867480965,-0.001,99.999,100.0,OPTIMAL,-0.0,-43.1,19449.06128888889,0.1723999999994703,,99.999,199.43665867480965,199.43665867480965,0.5633413251903505,true
1,-1.0,99.0,-0.001,99.999,100.0,OPTIMAL,-0.0,-43.1,19449.06128888889,0.1723999999994703,,99.999,198.999,198.999,1.0010000000000048,true
1,1.0e-6,100.000001,-0.001,99.999,100.0,OPTIMAL,-0.0,-43.1,19449.06128888889,0.1723999999994703,,99.999,199.999001,199.999001,0.0009990000000072996,true
1,1.778279410038923e-6,100.00000177827941,-0.001,99.999,100.0,OPTIMAL,-0.0,-43.1,19449.06128888889,0.1723999999994703,,99.999,199.99900177827942,199.99900177827942,0.0009982217205788402,true
1,3.162277660168379e-6,100.00000316227766,-0.001,99.999,100.0,OPTIMAL,-0.0,-43.1,19449.06128888889,0.1723999999994703,,99.999,199.99900316227766,199.99900316227766,0.0009968377223401603,true
1,5.623413251903491e-6,100.00000562341326,-0.001,99.999,100.0,OPTIMAL,-0.0,-43.1,19449.06128888889,0.1723999999994703,,99.999,199.99900562341327,199.99900562341327,0.0009943765867319598,true
1,1.0e-5,100.00001,-0.001,99.999,100.0,OPTIMAL,-0.0,-43.1,19449.06128888889,0.1723999999994703,,99.999,199.99901,199.99901,0.0009900000000016007,true
1,1.778279410038923e-5,100.0000177827941,-0.001,99.999,100.0,OPTIMAL,-0.0,-43.1,19449.06128888889,0.1723999999994703,,99.999,199.9990177827941,199.9990177827941,0.0009822172058875367,true
1,3.1622776601683795e-5,100.0000316227766,-0.001,99.999,100.0,OPTIMAL,-0.0,-43.1,19449.06128888889,0.1723999999994703,,99.999,199.9990316227766,199.9990316227766,0.0009683772233870513,true
1,5.623413251903491e-5,100.00005623413251,-0.001,99.999,100.0,OPTIMAL,-0.0,-43.1,19449.06128888889,0.1723999999994703,,99.999,199.99905623413252,199.99905623413252,0.0009437658674755767,true
1,0.0001,100.0001,-0.001,99.999,100.0,OPTIMAL,-0.0,-43.1,19449.06128888889,0.1723999999994703,,99.999,199.9991,199.9991,0.0009000000000014552,true
1,0.00017782794100389227,100.000177827941,-0.001,99.999,100.0,OPTIMAL,-0.0,-43.1,19449.06128888889,0.1723999999994703,,99.999,199.999177827941,199.999177827941,0.0008221720590029236,true
1,0.00031622776601683794,100.00031622776602,-0.001,99.999,100.0,OPTIMAL,-0.0,-43.1,19449.06128888889,0.1723999999994703,,99.999,199.99931622776603,199.99931622776603,0.0006837722339696484,true
1,0.0005623413251903491,100.00056234132519,-0.001,99.999,100.0,OPTIMAL,-0.0,-43.1,19449.06128888889,0.1723999999994703,,99.999,199.9995623413252,199.9995623413252,0.0004376586747980582,true
1,0.001,100.001,-0.001,99.999,100.0,OPTIMAL,-0.0,-43.1,19449.06128888889,0.1723999999994703,,99.999,200.0,200.0,0.0,true
1,0.0017782794100389228,100.00177827941003,-0.001,99.999,100.0,OPTIMAL,43.1,0.0,19449.19546425918,0.30657537029037485,,99.99822172058997,200.0,200.0,0.0,false
1,0.0031622776601683794,100.00316227766017,-0.001,99.999,100.0,OPTIMAL,43.1,0.0,19449.4340655575,0.5451766686092014,,99.99683772233983,200.0,200.0,0.0,false
1,0.005623413251903491,100.0056234132519,-0.001,99.999,100.0,OPTIMAL,43.1,0.0,19449.858365333515,0.9694764446248882,,99.9943765867481,200.0,200.0,0.0,false
1,0.010000000000000002,100.01,-0.001,99.999,100.0,OPTIMAL,43.1,0.0,19450.61288888889,1.723999999998341,,99.99,200.0,200.0,0.0,false
1,0.01778279410038923,100.01778279410038,-0.001,99.999,100.0,OPTIMAL,43.1,0.0,19451.954642591794,3.0657537029037485,,99.98221720589962,200.0,200.0,0.0,false
1,0.03162277660168379,100.03162277660168,-0.001,99.999,100.0,OPTIMAL,43.1,0.0,19454.34065557502,5.451766686128394,,99.96837722339832,200.0,200.0,0.0,false
1,0.05623413251903491,100.05623413251904,-0.001,99.999,100.0,OPTIMAL,43.1,0.0,19458.58365333517,9.694764446277986,,99.94376586748096,200.0,200.0,0.0,false
1,0.1,100.1,-0.001,99.999,100.0,OPTIMAL,43.1,0.0,19466.12888888889,17.239999999997963,,99.9,200.0,200.0,0.0,false
1,0.1778279410038923,100.1778279410039,-0.001,99.999,100.0,OPTIMAL,43.1,0.0,19479.546425917957,30.65753702906659,,99.8221720589961,200.0,200.0,0.0,false
1,0.31622776601683794,100.31622776601684,-0.001,99.999,100.0,OPTIMAL,43.1,0.0,19503.406555750193,54.51766686130213,,99.68377223398316,200.0,200.0,0.0,false
1,0.5623413251903491,100.56234132519035,-0.001,99.999,100.0,OPTIMAL,43.1,0.0,19545.836533351703,96.9476444628126,,99.43765867480965,200.0,200.0,0.0,false
1,1.0,101.0,-0.001,99.999,100.0,OPTIMAL,43.1,0.0,19621.28888888889,172.39999999999782,,99.0,200.0,200.0,0.0,false
2,0.0,200.0,,200.0,0.0,OPTIMAL,50.0,0.0,19448.88888888889,0.0,,0.0,200.0,110.0,0.0,false
2,-1.0e-6,199.999999,,200.0,0.0,OPTIMAL,50.0,0.0,19448.88868888889,-0.00020000000222353265,50.00000055588316,0.0,199.999999,109.999999,0.0,false
2,-1.778279410038923e-6,199.9999982217206,,200.0,0.0,OPTIMAL,50.0,0.0,19448.88853323301,-0.00035565588041208684,49.99999977566831,0.0,199.9999982217206,109.9999982217206,0.0,false
2,-3.162277660168379e-6,199.99999683772234,,200.0,0.0,OPTIMAL,50.0,0.0,19448.888256433354,-0.0006324555361061357,50.00000032195622,0.0,199.99999683772234,109.99999683772234,0.0,false
2,-5.623413251903491e-6,199.99999437658676,,200.0,0.0,OPTIMAL,50.0,0.0,19448.88776420624,-0.0011246826506976504,50.00000001409074,0.0,199.99999437658676,109.99999437658676,0.0,false
2,-1.0e-5,199.99999,,200.0,0.0,OPTIMAL,50.0,0.0,19448.88688888889,-0.0020000000004074536,50.000000010186334,0.0,199.99999,109.99999,0.0,false
2,-1.778279410038923e-5,199.9999822172059,,200.0,0.0,OPTIMAL,50.0,0.0,19448.885332330072,-0.0035565588186727837,49.99999998024689,0.0,199.9999822172059,109.99998221720591,0.0,false
2,-3.1622776601683795e-5,199.9999683772234,,200.0,0.0,OPTIMAL,50.0,0.0,19448.882564333573,-0.006324555317405611,49.99999997682724,0.0,199.9999683772234,109.99996837722341,0.0,false
2,-5.623413251903491e-5,199.99994376586747,,200.0,0.0,OPTIMAL,50.0,0.0,19448.877642062384,-0.011246826506976504,50.000000014090745,0.0,199.99994376586747,109.99994376586747,0.0,false
2,-0.0001,199.9999,,200.0,0.0,OPTIMAL,50.0,0.0,19448.868888888886,-0.020000000004074536,50.00000001018634,0.0,199.9999,109.9999,0.0,false
2,-0.00017782794100389227,199.999822172059,,200.0,0.0,OPTIMAL,50.0,0.0,19448.85332330069,-0.03556558820127975,50.00000000070475,0.0,199.999822172059,109.999822172059,0.0,false
2,-0.00031622776601683794,199.999683772234,,200.0,0.0,OPTIMAL,50.0,0.0,19448.825643335687,-0.06324555320315994,49.99999999983584,0.0,199.999683772234,109.999683772234,0.0,false
2,-0.0005623413251903491,199.99943765867482,,200.0,0.0,OPTIMAL,50.0,0.0,19448.776420623853,-0.11246826503702323,49.999999999534715,0.0,199.99943765867482,109.99943765867482,0.0,false
2,-0.001,199.999,,200.0,0.0,OPTIMAL,50.0,0.0,19448.688888888886,-0.20000000000436557,50.000000001091394,0.0,199.999,109.999,0.0,false
2,-0.0017782794100389228,199.99822172058995,,200.0,0.0,OPTIMAL,50.0,0.0,19448.533233006878,-0.3556558820127975,50.00000000070475,0.0,199.99822172058995,109.99822172058995,0.0,false
2,-0.0031622776601683794,199.99683772233982,,200.0,0.0,OPTIMAL,50.0,0.0,19448.25643335685,-0.6324555320388754,50.000000000411056,0.0,199.99683772233982,109.99683772233982,0.0,false
2,-0.005623413251903491,199.9943765867481,,200.0,0.0,OPTIMAL,50.0,0.0,19447.76420623851,-1.1246826503811462,50.00000000001992,0.0,199.9943765867481,109.9943765867481,0.0,false
2,-0.010000000000000002,199.99,,200.0,0.0,OPTIMAL,50.0,0.0,19446.88888888889,-2.0,49.99999999999999,0.0,199.99,109.99000000000001,0.0,false
2,-0.01778279410038923,199.98221720589962,,200.0,0.0,OPTIMAL,50.0,0.0,19445.332330068813,-3.5565588200770435,49.99999999998872,0.0,199.98221720589962,109.98221720589962,0.0,false
2,-0.03162277660168379,199.9683772233983,,200.0,0.0,OPTIMAL,50.0,0.0,19442.56433356855,-6.32455532034146,50.00000000003717,0.0,199.9683772233983,109.9683772233983,0.0,false
2,-0.05623413251903491,199.94376586748098,,200.0,0.0,OPTIMAL,50.0,0.0,19437.642062385086,-11.246826503804186,49.99999999998757,0.0,199.94376586748098,109.94376586748098,0.0,false
2,-0.1,199.9,,200.0,0.0,OPTIMAL,50.0,0.0,19428.88888888889,-20.0,50.0,0.0,199.9,109.9,0.0,false
2,-0.1778279410038923,199.8221720589961,,200.0,0.0,OPTIMAL,50.0,0.0,19413.32330068811,-35.56558820078135,50.000000000004064,0.0,199.8221720589961,109.8221720589961,0.0,false
2,-0.31622776601683794,199.68377223398315,,200.0,0.0,OPTIMAL,50.0,0.0,19385.64333568552,-63.245553203370946,50.00000000000266,0.0,199.68377223398315,109.68377223398315,0.0,false
2,-0.5623413251903491,199.43765867480965,,200.0,0.0,OPTIMAL,50.0,0.0,19336.42062385082,-112.46826503807097,50.00000000000051,0.0,199.43765867480965,109.43765867480965,0.0,false
2,-1.0,199.0,,200.0,0.0,OPTIMAL,50.0,0.0,19248.88888888889,-200.0,50.0,0.0,199.0,109.0,0.0,false
2,1.0e-6,200.000001,,200.0,0.0,OPTIMAL,50.0,0.0,19448.88908888889,0.00019999999858555384,49.99999964638846,0.0,200.000001,110.000001,0.0,false
2,1.778279410038923e-6,200.0000017782794,,200.0,0.0,OPTIMAL,50.0,0.0,19448.889244544767,0.00035565587677410804,49.99999926422185,0.0,200.0000017782794,110.0000017782794,0.0,false
2,3.162277660168379e-6,200.00000316227766,,200.0,0.0,OPTIMAL,50.0,0.0,19448.88952134442,0.0006324555288301781,49.99999974674127,0.0,200.00000316227766,110.00000316227766,0.0,false
2,5.623413251903491e-6,200.00000562341324,,200.0,0.0,OPTIMAL,50.0,0.0,19448.890013571538,0.0011246826470596716,49.99999985235716,0.0,200.00000562341324,110.00000562341324,0.0,false
2,1.0e-5,200.00001,,200.0,0.0,OPTIMAL,50.0,0.0,19448.89088888889,0.0020000000004074536,50.000000010186334,0.0,200.00001,110.00001,0.0,false
2,1.778279410038923e-5,200.0000177827941,,200.0,0.0,OPTIMAL,50.0,0.0,19448.892445447706,0.003556558815034805,49.999999929102245,0.0,200.0000177827941,110.00001778279409,0.0,false
2,3.1622776601683795e-5,200.0000316227766,,200.0,0.0,OPTIMAL,50.0,0.0,19448.895213444208,0.006324555317405611,49.99999997682724,0.0,200.0000316227766,110.00003162277659,0.0,false
2,5.623413251903491e-5,200.00005623413253,,200.0,0.0,OPTIMAL,50.0,0.0,19448.900135715394,0.011246826503338525,49.999999997917385,0.0,200.00005623413253,110.00005623413253,0.0,false
2,0.0001,200.0001,,200.0,0.0,OPTIMAL,50.0,0.0,19448.908888888887,0.01999999999679858,49.99999999199645,0.0,200.0001,110.0001,0.0,false
2,0.00017782794100389227,200.000177827941,,200.0,0.0,OPTIMAL,50.0,0.0,19448.924454477088,0.03556558819764177,49.99999999559029,0.0,200.000177827941,110.000177827941,0.0,false
2,0.00031622776601683794,200.000316227766,,200.0,0.0,OPTIMAL,50.0,0.0,19448.95213444209,0.06324555319952196,49.999999996959765,0.0,200.000316227766,110.000316227766,0.0,false
2,0.0005623413251903491,200.00056234132518,,200.0,0.0,OPTIMAL,50.0,0.0,19449.001357153924,0.11246826503338525,49.999999997917385,0.0,200.00056234132518,110.00056234132518,0.0,false
2,0.001,200.001,,200.0,0.0,OPTIMAL,50.0,0.0,19449.088888888888,0.19999999999708962,49.999999999272404,0.0,200.001,110.001,0.0,false
2,0.0017782794100389228,200.00177827941005,,200.0,0.0,OPTIMAL,50.0,0.0,19449.244544770896,0.35565588200552156,49.999999999681854,0.0,200.00177827941005,110.00177827941005,0.0,false
2,0.0031622776601683794,200.00316227766018,,200.0,0.0,OPTIMAL,50.0,0.0,19449.521344420926,0.6324555320352374,50.00000000012345,0.0,200.00316227766018,110.00316227766018,0.0,false
2,0.005623413251903491,200.0056234132519,,200.0,0.0,OPTIMAL,50.0,0.0,19450.013571539268,1.1246826503775083,49.99999999985818,0.0,200.0056234132519,110.0056234132519,0.0,false
2,0.010000000000000002,200.01,,200.0,0.0,OPTIMAL,50.0,0.0,19450.888888888887,1.999999999996362,49.99999999990904,0.0,200.01,110.00999999999999,0.0,false
2,0.01778279410038923,200.01778279410038,,200.0,0.0,OPTIMAL,50.0,0.0,19452.445447708968,3.5565588200770435,49.99999999998872,0.0,200.01778279410038,110.01778279410038,0.0,false
2,0.03162277660168379,200.0316227766017,,200.0,0.0,OPTIMAL,50.0,0.0,19455.21344420923,6.324555320337822,50.00000000000841,0.0,200.0316227766017,110.0316227766017,0.0,false
2,0.05623413251903491,200.05623413251902,,200.0,0.0,OPTIMAL,50.0,0.0,19460.135715392695,11.246826503804186,49.99999999998757,0.0,200.05623413251902,110.05623413251902,0.0,false
2,0.1,200.1,,200.0,0.0,OPTIMAL,50.0,0.0,19468.888888888887,19.999999999996362,49.999999999990905,0.0,200.1,110.1,0.0,false
2,0.1778279410038923,200.1778279410039,,200.0,0.0,OPTIMAL,50.0,0.0,19484.45447708967,35.56558820077771,49.99999999999895,0.0,200.1778279410039,110.1778279410039,0.0,false
2,0.31622776601683794,200.31622776601685,,200.0,0.0,OPTIMAL,50.0,0.0,19512.134442092258,63.24555320336731,49.99999999999978,0.0,200.31622776601685,110.31622776601685,0.0,false
2,0.5623413251903491,200.56234132519035,,200.0,0.0,OPTIMAL,50.0,0.0,19561.357153926958,112.46826503806733,49.9999999999989,0.0,200.56234132519035,110.56234132519035,0.0,false
2,1.0,201.0,,200.0,0.0,OPTIMAL,50.0,0.0,19648.88888888889,200.0,50.0,0.0,201.0,111.0,0.0,false
2,0.0,200.0,0.0,0.0,0.0,OPTIMAL,50.0,0.0,19448.88888888889,0.0,,0.0,200.0,110.0,0.0,false
2,-1.0e-6,199.999999,0.0,0.0,0.0,OPTIMAL,50.0,0.0,19448.88868888889,-0.00020000000222353265,,0.0,199.999999,109.999999,0.0,false
2,-1.778279410038923e-6,199.9999982217206,0.0,0.0,0.0,OPTIMAL,50.0,0.0,19448.88853323301,-0.00035565588041208684,,0.0,199.9999982217206,109.9999982217206,0.0,false
2,-3.162277660168379e-6,199.99999683772234,0.0,0.0,0.0,OPTIMAL,50.0,0.0,19448.888256433354,-0.0006324555361061357,,0.0,199.99999683772234,109.99999683772234,0.0,false
2,-5.623413251903491e-6,199.99999437658676,0.0,0.0,0.0,OPTIMAL,50.0,0.0,19448.88776420624,-0.0011246826506976504,,0.0,199.99999437658676,109.99999437658676,0.0,false
2,-1.0e-5,199.99999,0.0,0.0,0.0,OPTIMAL,50.0,0.0,19448.88688888889,-0.0020000000004074536,,0.0,199.99999,109.99999,0.0,false
2,-1.778279410038923e-5,199.9999822172059,0.0,0.0,0.0,OPTIMAL,50.0,0.0,19448.885332330072,-0.0035565588186727837,,0.0,199.9999822172059,109.99998221720591,0.0,false
2,-3.1622776601683795e-5,199.9999683772234,0.0,0.0,0.0,OPTIMAL,50.0,0.0,19448.882564333573,-0.006324555317405611,,0.0,199.9999683772234,109.99996837722341,0.0,false
2,-5.623413251903491e-5,199.99994376586747,0.0,0.0,0.0,OPTIMAL,50.0,0.0,19448.877642062384,-0.011246826506976504,,0.0,199.99994376586747,109.99994376586747,0.0,false
2,-0.0001,199.9999,0.0,0.0,0.0,OPTIMAL,50.0,0.0,19448.868888888886,-0.020000000004074536,,0.0,199.9999,109.9999,0.0,false
2,-0.00017782794100389227,199.999822172059,0.0,0.0,0.0,OPTIMAL,50.0,0.0,19448.85332330069,-0.03556558820127975,,0.0,199.999822172059,109.999822172059,0.0,false
2,-0.00031622776601683794,199.999683772234,0.0,0.0,0.0,OPTIMAL,50.0,0.0,19448.825643335687,-0.06324555320315994,,0.0,199.999683772234,109.999683772234,0.0,false
2,-0.0005623413251903491,199.99943765867482,0.0,0.0,0.0,OPTIMAL,50.0,0.0,19448.776420623853,-0.11246826503702323,,0.0,199.99943765867482,109.99943765867482,0.0,false
2,-0.001,199.999,0.0,0.0,0.0,OPTIMAL,50.0,0.0,19448.688888888886,-0.20000000000436557,,0.0,199.999,109.999,0.0,false
2,-0.0017782794100389228,199.99822172058995,0.0,0.0,0.0,OPTIMAL,50.0,0.0,19448.533233006878,-0.3556558820127975,,0.0,199.99822172058995,109.99822172058995,0.0,false
2,-0.0031622776601683794,199.99683772233982,0.0,0.0,0.0,OPTIMAL,50.0,0.0,19448.25643335685,-0.6324555320388754,,0.0,199.99683772233982,109.99683772233982,0.0,false
2,-0.005623413251903491,199.9943765867481,0.0,0.0,0.0,OPTIMAL,50.0,0.0,19447.76420623851,-1.1246826503811462,,0.0,199.9943765867481,109.9943765867481,0.0,false
2,-0.010000000000000002,199.99,0.0,0.0,0.0,OPTIMAL,50.0,0.0,19446.88888888889,-2.0,,0.0,199.99,109.99000000000001,0.0,false
2,-0.01778279410038923,199.98221720589962,0.0,0.0,0.0,OPTIMAL,50.0,0.0,19445.332330068813,-3.5565588200770435,,0.0,199.98221720589962,109.98221720589962,0.0,false
2,-0.03162277660168379,199.9683772233983,0.0,0.0,0.0,OPTIMAL,50.0,0.0,19442.56433356855,-6.32455532034146,,0.0,199.9683772233983,109.9683772233983,0.0,false
2,-0.05623413251903491,199.94376586748098,0.0,0.0,0.0,OPTIMAL,50.0,0.0,19437.642062385086,-11.246826503804186,,0.0,199.94376586748098,109.94376586748098,0.0,false
2,-0.1,199.9,0.0,0.0,0.0,OPTIMAL,50.0,0.0,19428.88888888889,-20.0,,0.0,199.9,109.9,0.0,false
2,-0.1778279410038923,199.8221720589961,0.0,0.0,0.0,OPTIMAL,50.0,0.0,19413.32330068811,-35.56558820078135,,0.0,199.8221720589961,109.8221720589961,0.0,false
2,-0.31622776601683794,199.68377223398315,0.0,0.0,0.0,OPTIMAL,50.0,0.0,19385.64333568552,-63.245553203370946,,0.0,199.68377223398315,109.68377223398315,0.0,false
2,-0.5623413251903491,199.43765867480965,0.0,0.0,0.0,OPTIMAL,50.0,0.0,19336.42062385082,-112.46826503807097,,0.0,199.43765867480965,109.43765867480965,0.0,false
2,-1.0,199.0,0.0,0.0,0.0,OPTIMAL,50.0,0.0,19248.88888888889,-200.0,,0.0,199.0,109.0,0.0,false
2,1.0e-6,200.000001,0.0,0.0,0.0,OPTIMAL,50.0,0.0,19448.88908888889,0.00019999999858555384,,0.0,200.000001,110.000001,0.0,false
2,1.778279410038923e-6,200.0000017782794,0.0,0.0,0.0,OPTIMAL,50.0,0.0,19448.889244544767,0.00035565587677410804,,0.0,200.0000017782794,110.0000017782794,0.0,false
2,3.162277660168379e-6,200.00000316227766,0.0,0.0,0.0,OPTIMAL,50.0,0.0,19448.88952134442,0.0006324555288301781,,0.0,200.00000316227766,110.00000316227766,0.0,false
2,5.623413251903491e-6,200.00000562341324,0.0,0.0,0.0,OPTIMAL,50.0,0.0,19448.890013571538,0.0011246826470596716,,0.0,200.00000562341324,110.00000562341324,0.0,false
2,1.0e-5,200.00001,0.0,0.0,0.0,OPTIMAL,50.0,0.0,19448.89088888889,0.0020000000004074536,,0.0,200.00001,110.00001,0.0,false
2,1.778279410038923e-5,200.0000177827941,0.0,0.0,0.0,OPTIMAL,50.0,0.0,19448.892445447706,0.003556558815034805,,0.0,200.0000177827941,110.00001778279409,0.0,false
2,3.1622776601683795e-5,200.0000316227766,0.0,0.0,0.0,OPTIMAL,50.0,0.0,19448.895213444208,0.006324555317405611,,0.0,200.0000316227766,110.00003162277659,0.0,false
2,5.623413251903491e-5,200.00005623413253,0.0,0.0,0.0,OPTIMAL,50.0,0.0,19448.900135715394,0.011246826503338525,,0.0,200.00005623413253,110.00005623413253,0.0,false
2,0.0001,200.0001,0.0,0.0,0.0,OPTIMAL,50.0,0.0,19448.908888888887,0.01999999999679858,,0.0,200.0001,110.0001,0.0,false
2,0.00017782794100389227,200.000177827941,0.0,0.0,0.0,OPTIMAL,50.0,0.0,19448.924454477088,0.03556558819764177,,0.0,200.000177827941,110.000177827941,0.0,false
2,0.00031622776601683794,200.000316227766,0.0,0.0,0.0,OPTIMAL,50.0,0.0,19448.95213444209,0.06324555319952196,,0.0,200.000316227766,110.000316227766,0.0,false
2,0.0005623413251903491,200.00056234132518,0.0,0.0,0.0,OPTIMAL,50.0,0.0,19449.001357153924,0.11246826503338525,,0.0,200.00056234132518,110.00056234132518,0.0,false
2,0.001,200.001,0.0,0.0,0.0,OPTIMAL,50.0,0.0,19449.088888888888,0.19999999999708962,,0.0,200.001,110.001,0.0,false
2,0.0017782794100389228,200.00177827941005,0.0,0.0,0.0,OPTIMAL,50.0,0.0,19449.244544770896,0.35565588200552156,,0.0,200.00177827941005,110.00177827941005,0.0,false
2,0.0031622776601683794,200.00316227766018,0.0,0.0,0.0,OPTIMAL,50.0,0.0,19449.521344420926,0.6324555320352374,,0.0,200.00316227766018,110.00316227766018,0.0,false
2,0.005623413251903491,200.0056234132519,0.0,0.0,0.0,OPTIMAL,50.0,0.0,19450.013571539268,1.1246826503775083,,0.0,200.0056234132519,110.0056234132519,0.0,false
2,0.010000000000000002,200.01,0.0,0.0,0.0,OPTIMAL,50.0,0.0,19450.888888888887,1.999999999996362,,0.0,200.01,110.00999999999999,0.0,false
2,0.01778279410038923,200.01778279410038,0.0,0.0,0.0,OPTIMAL,50.0,0.0,19452.445447708968,3.5565588200770435,,0.0,200.01778279410038,110.01778279410038,0.0,false
2,0.03162277660168379,200.0316227766017,0.0,0.0,0.0,OPTIMAL,50.0,0.0,19455.21344420923,6.324555320337822,,0.0,200.0316227766017,110.0316227766017,0.0,false
2,0.05623413251903491,200.05623413251902,0.0,0.0,0.0,OPTIMAL,50.0,0.0,19460.135715392695,11.246826503804186,,0.0,200.05623413251902,110.05623413251902,0.0,false
2,0.1,200.1,0.0,0.0,0.0,OPTIMAL,50.0,0.0,19468.888888888887,19.999999999996362,,0.0,200.1,110.1,0.0,false
2,0.1778279410038923,200.1778279410039,0.0,0.0,0.0,OPTIMAL,50.0,0.0,19484.45447708967,35.56558820077771,,0.0,200.1778279410039,110.1778279410039,0.0,false
2,0.31622776601683794,200.31622776601685,0.0,0.0,0.0,OPTIMAL,50.0,0.0,19512.134442092258,63.24555320336731,,0.0,200.31622776601685,110.31622776601685,0.0,false
2,0.5623413251903491,200.56234132519035,0.0,0.0,0.0,OPTIMAL,50.0,0.0,19561.357153926958,112.46826503806733,,0.0,200.56234132519035,110.56234132519035,0.0,false
2,1.0,201.0,0.0,0.0,0.0,OPTIMAL,50.0,0.0,19648.88888888889,200.0,,0.0,201.0,111.0,0.0,false
2,0.0,200.0,-0.001,0.0,0.0,OPTIMAL,50.0,0.0,19448.88888888889,0.0,,0.0,200.0,110.0,0.0,false
2,-1.0e-6,199.999999,-0.001,0.0,0.0,OPTIMAL,50.0,0.0,19448.88868888889,-0.00020000000222353265,,0.0,199.999999,109.999999,0.0,false
2,-1.778279410038923e-6,199.9999982217206,-0.001,0.0,0.0,OPTIMAL,50.0,0.0,19448.88853323301,-0.00035565588041208684,,0.0,199.9999982217206,109.9999982217206,0.0,false
2,-3.162277660168379e-6,199.99999683772234,-0.001,0.0,0.0,OPTIMAL,50.0,0.0,19448.888256433354,-0.0006324555361061357,,0.0,199.99999683772234,109.99999683772234,0.0,false
2,-5.623413251903491e-6,199.99999437658676,-0.001,0.0,0.0,OPTIMAL,50.0,0.0,19448.88776420624,-0.0011246826506976504,,0.0,199.99999437658676,109.99999437658676,0.0,false
2,-1.0e-5,199.99999,-0.001,0.0,0.0,OPTIMAL,50.0,0.0,19448.88688888889,-0.0020000000004074536,,0.0,199.99999,109.99999,0.0,false
2,-1.778279410038923e-5,199.9999822172059,-0.001,0.0,0.0,OPTIMAL,50.0,0.0,19448.885332330072,-0.0035565588186727837,,0.0,199.9999822172059,109.99998221720591,0.0,false
2,-3.1622776601683795e-5,199.9999683772234,-0.001,0.0,0.0,OPTIMAL,50.0,0.0,19448.882564333573,-0.006324555317405611,,0.0,199.9999683772234,109.99996837722341,0.0,false
2,-5.623413251903491e-5,199.99994376586747,-0.001,0.0,0.0,OPTIMAL,50.0,0.0,19448.877642062384,-0.011246826506976504,,0.0,199.99994376586747,109.99994376586747,0.0,false
2,-0.0001,199.9999,-0.001,0.0,0.0,OPTIMAL,50.0,0.0,19448.868888888886,-0.020000000004074536,,0.0,199.9999,109.9999,0.0,false
2,-0.00017782794100389227,199.999822172059,-0.001,0.0,0.0,OPTIMAL,50.0,0.0,19448.85332330069,-0.03556558820127975,,0.0,199.999822172059,109.999822172059,0.0,false
2,-0.00031622776601683794,199.999683772234,-0.001,0.0,0.0,OPTIMAL,50.0,0.0,19448.825643335687,-0.06324555320315994,,0.0,199.999683772234,109.999683772234,0.0,false
2,-0.0005623413251903491,199.99943765867482,-0.001,0.0,0.0,OPTIMAL,50.0,0.0,19448.776420623853,-0.11246826503702323,,0.0,199.99943765867482,109.99943765867482,0.0,false
2,-0.001,199.999,-0.001,0.0,0.0,OPTIMAL,50.0,0.0,19448.688888888886,-0.20000000000436557,,0.0,199.999,109.999,0.0,false
2,-0.0017782794100389228,199.99822172058995,-0.001,0.0,0.0,OPTIMAL,50.0,0.0,19448.533233006878,-0.3556558820127975,,0.0,199.99822172058995,109.99822172058995,0.0,false
2,-0.0031622776601683794,199.99683772233982,-0.001,0.0,0.0,OPTIMAL,50.0,0.0,19448.25643335685,-0.6324555320388754,,0.0,199.99683772233982,109.99683772233982,0.0,false
2,-0.005623413251903491,199.9943765867481,-0.001,0.0,0.0,OPTIMAL,50.0,0.0,19447.76420623851,-1.1246826503811462,,0.0,199.9943765867481,109.9943765867481,0.0,false
2,-0.010000000000000002,199.99,-0.001,0.0,0.0,OPTIMAL,50.0,0.0,19446.88888888889,-2.0,,0.0,199.99,109.99000000000001,0.0,false
2,-0.01778279410038923,199.98221720589962,-0.001,0.0,0.0,OPTIMAL,50.0,0.0,19445.332330068813,-3.5565588200770435,,0.0,199.98221720589962,109.98221720589962,0.0,false
2,-0.03162277660168379,199.9683772233983,-0.001,0.0,0.0,OPTIMAL,50.0,0.0,19442.56433356855,-6.32455532034146,,0.0,199.9683772233983,109.9683772233983,0.0,false
2,-0.05623413251903491,199.94376586748098,-0.001,0.0,0.0,OPTIMAL,50.0,0.0,19437.642062385086,-11.246826503804186,,0.0,199.94376586748098,109.94376586748098,0.0,false
2,-0.1,199.9,-0.001,0.0,0.0,OPTIMAL,50.0,0.0,19428.88888888889,-20.0,,0.0,199.9,109.9,0.0,false
2,-0.1778279410038923,199.8221720589961,-0.001,0.0,0.0,OPTIMAL,50.0,0.0,19413.32330068811,-35.56558820078135,,0.0,199.8221720589961,109.8221720589961,0.0,false
2,-0.31622776601683794,199.68377223398315,-0.001,0.0,0.0,OPTIMAL,50.0,0.0,19385.64333568552,-63.245553203370946,,0.0,199.68377223398315,109.68377223398315,0.0,false
2,-0.5623413251903491,199.43765867480965,-0.001,0.0,0.0,OPTIMAL,50.0,0.0,19336.42062385082,-112.46826503807097,,0.0,199.43765867480965,109.43765867480965,0.0,false
2,-1.0,199.0,-0.001,0.0,0.0,OPTIMAL,50.0,0.0,19248.88888888889,-200.0,,0.0,199.0,109.0,0.0,false
2,1.0e-6,200.000001,-0.001,0.0,0.0,OPTIMAL,50.0,0.0,19448.88908888889,0.00019999999858555384,,0.0,200.000001,110.000001,0.0,false
2,1.778279410038923e-6,200.0000017782794,-0.001,0.0,0.0,OPTIMAL,50.0,0.0,19448.889244544767,0.00035565587677410804,,0.0,200.0000017782794,110.0000017782794,0.0,false
2,3.162277660168379e-6,200.00000316227766,-0.001,0.0,0.0,OPTIMAL,50.0,0.0,19448.88952134442,0.0006324555288301781,,0.0,200.00000316227766,110.00000316227766,0.0,false
2,5.623413251903491e-6,200.00000562341324,-0.001,0.0,0.0,OPTIMAL,50.0,0.0,19448.890013571538,0.0011246826470596716,,0.0,200.00000562341324,110.00000562341324,0.0,false
2,1.0e-5,200.00001,-0.001,0.0,0.0,OPTIMAL,50.0,0.0,19448.89088888889,0.0020000000004074536,,0.0,200.00001,110.00001,0.0,false
2,1.778279410038923e-5,200.0000177827941,-0.001,0.0,0.0,OPTIMAL,50.0,0.0,19448.892445447706,0.003556558815034805,,0.0,200.0000177827941,110.00001778279409,0.0,false
2,3.1622776601683795e-5,200.0000316227766,-0.001,0.0,0.0,OPTIMAL,50.0,0.0,19448.895213444208,0.006324555317405611,,0.0,200.0000316227766,110.00003162277659,0.0,false
2,5.623413251903491e-5,200.00005623413253,-0.001,0.0,0.0,OPTIMAL,50.0,0.0,19448.900135715394,0.011246826503338525,,0.0,200.00005623413253,110.00005623413253,0.0,false
2,0.0001,200.0001,-0.001,0.0,0.0,OPTIMAL,50.0,0.0,19448.908888888887,0.01999999999679858,,0.0,200.0001,110.0001,0.0,false
2,0.00017782794100389227,200.000177827941,-0.001,0.0,0.0,OPTIMAL,50.0,0.0,19448.924454477088,0.03556558819764177,,0.0,200.000177827941,110.000177827941,0.0,false
2,0.00031622776601683794,200.000316227766,-0.001,0.0,0.0,OPTIMAL,50.0,0.0,19448.95213444209,0.06324555319952196,,0.0,200.000316227766,110.000316227766,0.0,false
2,0.0005623413251903491,200.00056234132518,-0.001,0.0,0.0,OPTIMAL,50.0,0.0,19449.001357153924,0.11246826503338525,,0.0,200.00056234132518,110.00056234132518,0.0,false
2,0.001,200.001,-0.001,0.0,0.0,OPTIMAL,50.0,0.0,19449.088888888888,0.19999999999708962,,0.0,200.001,110.001,0.0,false
2,0.0017782794100389228,200.00177827941005,-0.001,0.0,0.0,OPTIMAL,50.0,0.0,19449.244544770896,0.35565588200552156,,0.0,200.00177827941005,110.00177827941005,0.0,false
2,0.0031622776601683794,200.00316227766018,-0.001,0.0,0.0,OPTIMAL,50.0,0.0,19449.521344420926,0.6324555320352374,,0.0,200.00316227766018,110.00316227766018,0.0,false
2,0.005623413251903491,200.0056234132519,-0.001,0.0,0.0,OPTIMAL,50.0,0.0,19450.013571539268,1.1246826503775083,,0.0,200.0056234132519,110.0056234132519,0.0,false
2,0.010000000000000002,200.01,-0.001,0.0,0.0,OPTIMAL,50.0,0.0,19450.888888888887,1.999999999996362,,0.0,200.01,110.00999999999999,0.0,false
2,0.01778279410038923,200.01778279410038,-0.001,0.0,0.0,OPTIMAL,50.0,0.0,19452.445447708968,3.5565588200770435,,0.0,200.01778279410038,110.01778279410038,0.0,false
2,0.03162277660168379,200.0316227766017,-0.001,0.0,0.0,OPTIMAL,50.0,0.0,19455.21344420923,6.324555320337822,,0.0,200.0316227766017,110.0316227766017,0.0,false
2,0.05623413251903491,200.05623413251902,-0.001,0.0,0.0,OPTIMAL,50.0,0.0,19460.135715392695,11.246826503804186,,0.0,200.05623413251902,110.05623413251902,0.0,false
2,0.1,200.1,-0.001,0.0,0.0,OPTIMAL,50.0,0.0,19468.888888888887,19.999999999996362,,0.0,200.1,110.1,0.0,false
2,0.1778279410038923,200.1778279410039,-0.001,0.0,0.0,OPTIMAL,50.0,0.0,19484.45447708967,35.56558820077771,,0.0,200.1778279410039,110.1778279410039,0.0,false
2,0.31622776601683794,200.31622776601685,-0.001,0.0,0.0,OPTIMAL,50.0,0.0,19512.134442092258,63.24555320336731,,0.0,200.31622776601685,110.31622776601685,0.0,false
2,0.5623413251903491,200.56234132519035,-0.001,0.0,0.0,OPTIMAL,50.0,0.0,19561.357153926958,112.46826503806733,,0.0,200.56234132519035,110.56234132519035,0.0,false
2,1.0,201.0,-0.001,0.0,0.0,OPTIMAL,50.0,0.0,19648.88888888889,200.0,,0.0,201.0,111.0,0.0,false
3,0.0,300.0,,200.0,200.0,OPTIMAL,-0.0,0.0,19448.88888888889,0.0,,200.0,500.0,500.0,0.0,true
3,-1.0e-6,299.999999,,200.0,200.0,OPTIMAL,-0.0,0.0,19448.88888888889,0.0,-0.0,200.0,499.999999,499.999999,9.999999974752427e-7,true
3,-1.778279410038923e-6,299.9999982217206,,200.0,200.0,OPTIMAL,-0.0,0.0,19448.88888888889,0.0,-0.0,200.0,499.9999982217206,499.9999982217206,1.7782793975129607e-6,true
3,-3.162277660168379e-6,299.99999683772234,,200.0,200.0,OPTIMAL,-0.0,0.0,19448.88888888889,0.0,-0.0,200.0,499.99999683772234,499.99999683772234,3.162277664614521e-6,true
3,-5.623413251903491e-6,299.99999437658676,,200.0,200.0,OPTIMAL,-0.0,0.0,19448.88888888889,0.0,-0.0,200.0,499.99999437658676,499.99999437658676,5.623413244393305e-6,true
3,-1.0e-5,299.99999,,200.0,200.0,OPTIMAL,-0.0,0.0,19448.88888888889,0.0,-0.0,200.0,499.99999,499.99999,9.999999974752427e-6,true
3,-1.778279410038923e-5,299.9999822172059,,200.0,200.0,OPTIMAL,-0.0,0.0,19448.88888888889,0.0,-0.0,200.0,499.9999822172059,499.9999822172059,1.7782794088816445e-5,true
3,-3.1622776601683795e-5,299.9999683772234,,200.0,200.0,OPTIMAL,-0.0,0.0,19448.88888888889,0.0,-0.0,200.0,499.9999683772234,499.9999683772234,3.162277658930179e-5,true
3,-5.623413251903491e-5,299.9999437658675,,200.0,200.0,OPTIMAL,-0.0,0.0,19448.88888888889,0.0,-0.0,200.0,499.9999437658675,499.9999437658675,5.623413250077647e-5,true
3,-0.0001,299.9999,,200.0,200.0,OPTIMAL,-0.0,0.0,19448.88888888889,0.0,-0.0,200.0,499.9999,499.9999,9.999999997489795e-5,true
3,-0.00017782794100389227,299.999822172059,,200.0,200.0,OPTIMAL,-0.0,0.0,19448.88888888889,0.0,-0.0,200.0,499.999822172059,499.999822172059,0.00017782794100185129,true
3,-0.00031622776601683794,299.999683772234,,200.0,200.0,OPTIMAL,-0.0,0.0,19448.88888888889,0.0,-0.0,200.0,499.999683772234,499.999683772234,0.00031622776600670477,true
3,-0.0005623413251903491,299.9994376586748,,200.0,200.0,OPTIMAL,-0.0,0.0,19448.88888888889,0.0,-0.0,200.0,499.9994376586748,499.9994376586748,0.0005623413251782949,true
3,-0.001,299.999,,200.0,200.0,OPTIMAL,-0.0,0.0,19448.88888888889,0.0,-0.0,200.0,499.999,499.999,0.0009999999999763531,true
3,-0.0017782794100389228,299.99822172059,,200.0,200.0,OPTIMAL,-0.0,0.0,19448.88888888889,0.0,-0.0,200.0,499.99822172059,499.99822172059,0.0017782794100185129,true
3,-0.0031622776601683794,299.9968377223398,,200.0,200.0,OPTIMAL,-0.0,0.0,19448.88888888889,0.0,-0.0,200.0,499.9968377223398,499.9968377223398,0.0031622776601807345,true
3,-0.005623413251903491,299.9943765867481,,200.0,200.0,OPTIMAL,-0.0,0.0,19448.88888888889,0.0,-0.0,200.0,499.9943765867481,499.9943765867481,0.005623413251896636,true
3,-0.010000000000000002,299.99,,200.0,200.0,OPTIMAL,-0.0,0.0,19448.88888888889,0.0,-0.0,200.0,499.99,499.99,0.009999999999990905,true
3,-0.01778279410038923,299.9822172058996,,200.0,200.0,OPTIMAL,-0.0,0.0,19448.88888888889,0.0,-0.0,200.0,499.9822172058996,499.9822172058996,0.017782794100412502,true
3,-0.03162277660168379,299.9683772233983,,200.0,200.0,OPTIMAL,-0.0,0.0,19448.88888888889,0.0,-0.0,200.0,499.9683772233983,499.9683772233983,0.03162277660169366,true
3,-0.05623413251903491,299.943765867481,,200.0,200.0,OPTIMAL,-0.0,0.0,19448.88888888889,0.0,-0.0,200.0,499.943765867481,499.943765867481,0.056234132519023206,true
3,-0.1,299.9,,200.0,200.0,OPTIMAL,-0.0,0.0,19448.88888888889,0.0,-0.0,200.0,499.9,499.9,0.10000000000002274,true
3,-0.1778279410038923,299.8221720589961,,200.0,200.0,OPTIMAL,-0.0,0.0,19448.88888888889,0.0,-0.0,200.0,499.8221720589961,499.8221720589961,0.17782794100389765,true
3,-0.31622776601683794,299.6837722339832,,200.0,200.0,OPTIMAL,-0.0,0.0,19448.88888888889,0.0,-0.0,200.0,499.6837722339832,499.6837722339832,0.3162277660168229,true
3,-0.5623413251903491,299.43765867480965,,200.0,200.0,OPTIMAL,-0.0,0.0,19448.88888888889,0.0,-0.0,200.0,499.43765867480965,499.43765867480965,0.5623413251903457,true
3,-1.0,299.0,,200.0,200.0,OPTIMAL,-0.0,0.0,19448.88888888889,0.0,-0.0,200.0,499.0,499.0,1.0,true
3,1.0e-6,300.000001,,200.0,200.0,OPTIMAL,-3.194975148643506e-15,-3.194975148643506e-15,19448.88888888889,0.0,0.0,199.999999,500.0,500.0,0.0,true
3,1.778279410038923e-6,300.0000017782794,,200.0,200.0,OPTIMAL,-3.194975148643506e-15,-3.194975148643506e-15,19448.88888888889,0.0,0.0,199.9999982217206,500.0,500.0,0.0,true
3,3.162277660168379e-6,300.00000316227766,,200.0,200.0,OPTIMAL,-3.194975148643506e-15,-3.194975148643506e-15,19448.88888888889,0.0,0.0,199.99999683772234,500.0,500.0,0.0,true
3,5.623413251903491e-6,300.00000562341324,,200.0,200.0,OPTIMAL,-3.194975148643506e-15,-3.194975148643506e-15,19448.88888888889,0.0,0.0,199.99999437658676,500.0,500.0,0.0,true
3,1.0e-5,300.00001,,200.0,200.0,OPTIMAL,-3.194975148643506e-15,-3.194975148643506e-15,19448.88888888889,0.0,0.0,199.99999000000003,500.0,500.0,0.0,true
3,1.778279410038923e-5,300.0000177827941,,200.0,200.0,OPTIMAL,-3.194975148643506e-15,-3.194975148643506e-15,19448.88888888889,0.0,0.0,199.9999822172059,500.0,500.0,0.0,true
3,3.1622776601683795e-5,300.0000316227766,,200.0,200.0,OPTIMAL,-3.194975148643506e-15,-3.194975148643506e-15,19448.88888888889,0.0,0.0,199.9999683772234,500.0,500.0,0.0,true
3,5.623413251903491e-5,300.0000562341325,,200.0,200.0,OPTIMAL,-3.194975148643506e-15,-3.194975148643506e-15,19448.88888888889,0.0,0.0,199.9999437658675,500.0,500.0,0.0,true
3,0.0001,300.0001,,200.0,200.0,OPTIMAL,-3.194975148643506e-15,-3.194975148643506e-15,19448.88888888889,0.0,0.0,199.99990000000003,500.0,500.0,0.0,true
3,0.00017782794100389227,300.000177827941,,200.0,200.0,OPTIMAL,-3.194975148643506e-15,-3.194975148643506e-15,19448.88888888889,0.0,0.0,199.999822172059,500.0,500.0,0.0,true
3,0.00031622776601683794,300.000316227766,,200.0,200.0,OPTIMAL,-3.194975148643506e-15,-3.194975148643506e-15,19448.88888888889,0.0,0.0,199.999683772234,500.0,500.0,0.0,true
3,0.0005623413251903491,300.0005623413252,,200.0,200.0,OPTIMAL,-3.194975148643506e-15,-3.194975148643506e-15,19448.88888888889,0.0,0.0,199.99943765867482,500.0,500.0,0.0,true
3,0.001,300.001,,200.0,200.0,OPTIMAL,-3.194975148643506e-15,-3.194975148643506e-15,19448.88888888889,0.0,0.0,199.99900000000002,500.0,500.0,0.0,true
3,0.0017782794100389228,300.00177827941,,200.0,200.0,OPTIMAL,-3.194975148643506e-15,-3.194975148643506e-15,19448.88888888889,0.0,0.0,199.99822172058998,500.0,500.0,0.0,true
3,0.0031622776601683794,300.0031622776602,,200.0,200.0,OPTIMAL,-3.194975148643506e-15,-3.194975148643506e-15,19448.88888888889,0.0,0.0,199.99683772233982,500.0,500.0,0.0,true
3,0.005623413251903491,300.0056234132519,,200.0,200.0,OPTIMAL,-3.194975148643506e-15,-3.194975148643506e-15,19448.88888888889,0.0,0.0,199.9943765867481,500.0,500.0,0.0,true
3,0.010000000000000002,300.01,,200.0,200.0,OPTIMAL,-3.194975148643506e-15,-3.194975148643506e-15,19448.88888888889,0.0,0.0,199.99,500.0,500.0,0.0,true
3,0.01778279410038923,300.0177827941004,,200.0,200.0,OPTIMAL,-3.194975148643506e-15,-3.194975148643506e-15,19448.88888888889,0.0,0.0,199.9822172058996,500.0,500.0,0.0,true
3,0.03162277660168379,300.0316227766017,,200.0,200.0,OPTIMAL,-3.194975148643506e-15,-3.194975148643506e-15,19448.88888888889,0.0,0.0,199.9683772233983,500.0,500.0,0.0,true
3,0.05623413251903491,300.056234132519,,200.0,200.0,OPTIMAL,-3.194975148643506e-15,-3.194975148643506e-15,19448.88888888889,0.0,0.0,199.94376586748098,500.0,500.0,0.0,true
3,0.1,300.1,,200.0,200.0,OPTIMAL,-3.194975148643506e-15,-3.194975148643506e-15,19448.88888888889,0.0,0.0,199.89999999999998,500.0,500.0,0.0,true
3,0.1778279410038923,300.1778279410039,,200.0,200.0,OPTIMAL,-3.194975148643506e-15,-3.194975148643506e-15,19448.88888888889,0.0,0.0,199.8221720589961,500.0,500.0,0.0,true
3,0.31622776601683794,300.3162277660168,,200.0,200.0,OPTIMAL,-3.194975148643506e-15,-3.194975148643506e-15,19448.88888888889,0.0,0.0,199.68377223398318,500.0,500.0,0.0,true
3,0.5623413251903491,300.56234132519035,,200.0,200.0,OPTIMAL,-3.194975148643506e-15,-3.194975148643506e-15,19448.88888888889,0.0,0.0,199.43765867480965,500.0,500.0,0.0,true
3,1.0,301.0,,200.0,200.0,OPTIMAL,-3.194975148643506e-15,-3.194975148643506e-15,19448.88888888889,0.0,0.0,199.0,500.0,500.0,0.0,true
3,0.0,300.0,0.0,200.0,200.0,OPTIMAL,-3.194975148643506e-15,-3.194975148643506e-15,19448.88888888889,0.0,,200.0,500.0,500.0,0.0,true
3,-1.0e-6,299.999999,0.0,200.0,200.0,OPTIMAL,-0.0,0.0,19448.88888888889,0.0,,200.0,499.999999,499.999999,9.999999974752427e-7,true
3,-1.778279410038923e-6,299.9999982217206,0.0,200.0,200.0,OPTIMAL,-0.0,0.0,19448.88888888889,0.0,,200.0,499.9999982217206,499.9999982217206,1.7782793975129607e-6,true
3,-3.162277660168379e-6,299.99999683772234,0.0,200.0,200.0,OPTIMAL,-0.0,0.0,19448.88888888889,0.0,,200.0,499.99999683772234,499.99999683772234,3.162277664614521e-6,true
3,-5.623413251903491e-6,299.99999437658676,0.0,200.0,200.0,OPTIMAL,-0.0,0.0,19448.88888888889,0.0,,200.0,499.99999437658676,499.99999437658676,5.623413244393305e-6,true
3,-1.0e-5,299.99999,0.0,200.0,200.0,OPTIMAL,-0.0,0.0,19448.88888888889,0.0,,200.0,499.99999,499.99999,9.999999974752427e-6,true
3,-1.778279410038923e-5,299.9999822172059,0.0,200.0,200.0,OPTIMAL,-0.0,0.0,19448.88888888889,0.0,,200.0,499.9999822172059,499.9999822172059,1.7782794088816445e-5,true
3,-3.1622776601683795e-5,299.9999683772234,0.0,200.0,200.0,OPTIMAL,-0.0,0.0,19448.88888888889,0.0,,200.0,499.9999683772234,499.9999683772234,3.162277658930179e-5,true
3,-5.623413251903491e-5,299.9999437658675,0.0,200.0,200.0,OPTIMAL,-0.0,0.0,19448.88888888889,0.0,,200.0,499.9999437658675,499.9999437658675,5.623413250077647e-5,true
3,-0.0001,299.9999,0.0,200.0,200.0,OPTIMAL,-0.0,0.0,19448.88888888889,0.0,,200.0,499.9999,499.9999,9.999999997489795e-5,true
3,-0.00017782794100389227,299.999822172059,0.0,200.0,200.0,OPTIMAL,-0.0,0.0,19448.88888888889,0.0,,200.0,499.999822172059,499.999822172059,0.00017782794100185129,true
3,-0.00031622776601683794,299.999683772234,0.0,200.0,200.0,OPTIMAL,-0.0,0.0,19448.88888888889,0.0,,200.0,499.999683772234,499.999683772234,0.00031622776600670477,true
3,-0.0005623413251903491,299.9994376586748,0.0,200.0,200.0,OPTIMAL,-0.0,0.0,19448.88888888889,0.0,,200.0,499.9994376586748,499.9994376586748,0.0005623413251782949,true
3,-0.001,299.999,0.0,200.0,200.0,OPTIMAL,-0.0,0.0,19448.88888888889,0.0,,200.0,499.999,499.999,0.0009999999999763531,true
3,-0.0017782794100389228,299.99822172059,0.0,200.0,200.0,OPTIMAL,-0.0,0.0,19448.88888888889,0.0,,200.0,499.99822172059,499.99822172059,0.0017782794100185129,true
3,-0.0031622776601683794,299.9968377223398,0.0,200.0,200.0,OPTIMAL,-0.0,0.0,19448.88888888889,0.0,,200.0,499.9968377223398,499.9968377223398,0.0031622776601807345,true
3,-0.005623413251903491,299.9943765867481,0.0,200.0,200.0,OPTIMAL,-0.0,0.0,19448.88888888889,0.0,,200.0,499.9943765867481,499.9943765867481,0.005623413251896636,true
3,-0.010000000000000002,299.99,0.0,200.0,200.0,OPTIMAL,-0.0,0.0,19448.88888888889,0.0,,200.0,499.99,499.99,0.009999999999990905,true
3,-0.01778279410038923,299.9822172058996,0.0,200.0,200.0,OPTIMAL,-0.0,0.0,19448.88888888889,0.0,,200.0,499.9822172058996,499.9822172058996,0.017782794100412502,true
3,-0.03162277660168379,299.9683772233983,0.0,200.0,200.0,OPTIMAL,-0.0,0.0,19448.88888888889,0.0,,200.0,499.9683772233983,499.9683772233983,0.03162277660169366,true
3,-0.05623413251903491,299.943765867481,0.0,200.0,200.0,OPTIMAL,-0.0,0.0,19448.88888888889,0.0,,200.0,499.943765867481,499.943765867481,0.056234132519023206,true
3,-0.1,299.9,0.0,200.0,200.0,OPTIMAL,-0.0,0.0,19448.88888888889,0.0,,200.0,499.9,499.9,0.10000000000002274,true
3,-0.1778279410038923,299.8221720589961,0.0,200.0,200.0,OPTIMAL,-0.0,0.0,19448.88888888889,0.0,,200.0,499.8221720589961,499.8221720589961,0.17782794100389765,true
3,-0.31622776601683794,299.6837722339832,0.0,200.0,200.0,OPTIMAL,-0.0,0.0,19448.88888888889,0.0,,200.0,499.6837722339832,499.6837722339832,0.3162277660168229,true
3,-0.5623413251903491,299.43765867480965,0.0,200.0,200.0,OPTIMAL,-0.0,0.0,19448.88888888889,0.0,,200.0,499.43765867480965,499.43765867480965,0.5623413251903457,true
3,-1.0,299.0,0.0,200.0,200.0,OPTIMAL,-0.0,0.0,19448.88888888889,0.0,,200.0,499.0,499.0,1.0,true
3,1.0e-6,300.000001,0.0,200.0,200.0,OPTIMAL,-3.194975148643506e-15,-3.194975148643506e-15,19448.88888888889,0.0,,199.999999,500.0,500.0,0.0,true
3,1.778279410038923e-6,300.0000017782794,0.0,200.0,200.0,OPTIMAL,-3.194975148643506e-15,-3.194975148643506e-15,19448.88888888889,0.0,,199.9999982217206,500.0,500.0,0.0,true
3,3.162277660168379e-6,300.00000316227766,0.0,200.0,200.0,OPTIMAL,-3.194975148643506e-15,-3.194975148643506e-15,19448.88888888889,0.0,,199.99999683772234,500.0,500.0,0.0,true
3,5.623413251903491e-6,300.00000562341324,0.0,200.0,200.0,OPTIMAL,-3.194975148643506e-15,-3.194975148643506e-15,19448.88888888889,0.0,,199.99999437658676,500.0,500.0,0.0,true
3,1.0e-5,300.00001,0.0,200.0,200.0,OPTIMAL,-3.194975148643506e-15,-3.194975148643506e-15,19448.88888888889,0.0,,199.99999000000003,500.0,500.0,0.0,true
3,1.778279410038923e-5,300.0000177827941,0.0,200.0,200.0,OPTIMAL,-3.194975148643506e-15,-3.194975148643506e-15,19448.88888888889,0.0,,199.9999822172059,500.0,500.0,0.0,true
3,3.1622776601683795e-5,300.0000316227766,0.0,200.0,200.0,OPTIMAL,-3.194975148643506e-15,-3.194975148643506e-15,19448.88888888889,0.0,,199.9999683772234,500.0,500.0,0.0,true
3,5.623413251903491e-5,300.0000562341325,0.0,200.0,200.0,OPTIMAL,-3.194975148643506e-15,-3.194975148643506e-15,19448.88888888889,0.0,,199.9999437658675,500.0,500.0,0.0,true
3,0.0001,300.0001,0.0,200.0,200.0,OPTIMAL,-3.194975148643506e-15,-3.194975148643506e-15,19448.88888888889,0.0,,199.99990000000003,500.0,500.0,0.0,true
3,0.00017782794100389227,300.000177827941,0.0,200.0,200.0,OPTIMAL,-3.194975148643506e-15,-3.194975148643506e-15,19448.88888888889,0.0,,199.999822172059,500.0,500.0,0.0,true
3,0.00031622776601683794,300.000316227766,0.0,200.0,200.0,OPTIMAL,-3.194975148643506e-15,-3.194975148643506e-15,19448.88888888889,0.0,,199.999683772234,500.0,500.0,0.0,true
3,0.0005623413251903491,300.0005623413252,0.0,200.0,200.0,OPTIMAL,-3.194975148643506e-15,-3.194975148643506e-15,19448.88888888889,0.0,,199.99943765867482,500.0,500.0,0.0,true
3,0.001,300.001,0.0,200.0,200.0,OPTIMAL,-3.194975148643506e-15,-3.194975148643506e-15,19448.88888888889,0.0,,199.99900000000002,500.0,500.0,0.0,true
3,0.0017782794100389228,300.00177827941,0.0,200.0,200.0,OPTIMAL,-3.194975148643506e-15,-3.194975148643506e-15,19448.88888888889,0.0,,199.99822172058998,500.0,500.0,0.0,true
3,0.0031622776601683794,300.0031622776602,0.0,200.0,200.0,OPTIMAL,-3.194975148643506e-15,-3.194975148643506e-15,19448.88888888889,0.0,,199.99683772233982,500.0,500.0,0.0,true
3,0.005623413251903491,300.0056234132519,0.0,200.0,200.0,OPTIMAL,-3.194975148643506e-15,-3.194975148643506e-15,19448.88888888889,0.0,,199.9943765867481,500.0,500.0,0.0,true
3,0.010000000000000002,300.01,0.0,200.0,200.0,OPTIMAL,-3.194975148643506e-15,-3.194975148643506e-15,19448.88888888889,0.0,,199.99,500.0,500.0,0.0,true
3,0.01778279410038923,300.0177827941004,0.0,200.0,200.0,OPTIMAL,-3.194975148643506e-15,-3.194975148643506e-15,19448.88888888889,0.0,,199.9822172058996,500.0,500.0,0.0,true
3,0.03162277660168379,300.0316227766017,0.0,200.0,200.0,OPTIMAL,-3.194975148643506e-15,-3.194975148643506e-15,19448.88888888889,0.0,,199.9683772233983,500.0,500.0,0.0,true
3,0.05623413251903491,300.056234132519,0.0,200.0,200.0,OPTIMAL,-3.194975148643506e-15,-3.194975148643506e-15,19448.88888888889,0.0,,199.94376586748098,500.0,500.0,0.0,true
3,0.1,300.1,0.0,200.0,200.0,OPTIMAL,-3.194975148643506e-15,-3.194975148643506e-15,19448.88888888889,0.0,,199.89999999999998,500.0,500.0,0.0,true
3,0.1778279410038923,300.1778279410039,0.0,200.0,200.0,OPTIMAL,-3.194975148643506e-15,-3.194975148643506e-15,19448.88888888889,0.0,,199.8221720589961,500.0,500.0,0.0,true
3,0.31622776601683794,300.3162277660168,0.0,200.0,200.0,OPTIMAL,-3.194975148643506e-15,-3.194975148643506e-15,19448.88888888889,0.0,,199.68377223398318,500.0,500.0,0.0,true
3,0.5623413251903491,300.56234132519035,0.0,200.0,200.0,OPTIMAL,-3.194975148643506e-15,-3.194975148643506e-15,19448.88888888889,0.0,,199.43765867480965,500.0,500.0,0.0,true
3,1.0,301.0,0.0,200.0,200.0,OPTIMAL,-3.194975148643506e-15,-3.194975148643506e-15,19448.88888888889,0.0,,199.0,500.0,500.0,0.0,true
3,0.0,300.0,-0.001,199.999,200.0,OPTIMAL,-0.0,0.0,19448.88888888889,0.0,,199.999,499.999,499.999,0.0009999999999763531,true
3,-1.0e-6,299.999999,-0.001,199.999,200.0,OPTIMAL,-0.0,0.0,19448.88888888889,0.0,,199.999,499.998999,499.998999,0.0010009999999738284,true
3,-1.778279410038923e-6,299.9999982217206,-0.001,199.999,200.0,OPTIMAL,-0.0,0.0,19448.88888888889,0.0,,199.999,499.9989982217206,499.9989982217206,0.001001778279373866,true
3,-3.162277660168379e-6,299.99999683772234,-0.001,199.999,200.0,OPTIMAL,-0.0,0.0,19448.88888888889,0.0,,199.999,499.9989968377223,499.9989968377223,0.001003162277697811,true
3,-5.623413251903491e-6,299.99999437658676,-0.001,199.999,200.0,OPTIMAL,-0.0,0.0,19448.88888888889,0.0,,199.999,499.9989943765868,499.9989943765868,0.0010056234132207464,true
3,-1.0e-5,299.99999,-0.001,199.999,200.0,OPTIMAL,-0.0,0.0,19448.88888888889,0.0,,199.999,499.99899000000005,499.99899000000005,0.0010099999999511056,true
3,-1.778279410038923e-5,299.9999822172059,-0.001,199.999,200.0,OPTIMAL,-0.0,0.0,19448.88888888889,0.0,,199.999,499.99898221720593,499.99898221720593,0.0010177827940651696,true
3,-3.1622776601683795e-5,299.9999683772234,-0.001,199.999,200.0,OPTIMAL,-0.0,0.0,19448.88888888889,0.0,,199.999,499.9989683772234,499.9989683772234,0.0010316227766224983,true
3,-5.623413251903491e-5,299.9999437658675,-0.001,199.999,200.0,OPTIMAL,-0.0,0.0,19448.88888888889,0.0,,199.999,499.99894376586747,499.99894376586747,0.001056234132533973,true
3,-0.0001,299.9999,-0.001,199.999,200.0,OPTIMAL,-0.0,0.0,19448.88888888889,0.0,,199.999,499.99890000000005,499.99890000000005,0.001099999999951251,true
3,-0.00017782794100389227,299.999822172059,-0.001,199.999,200.0,OPTIMAL,-0.0,0.0,19448.88888888889,0.0,,199.999,499.998822172059,499.998822172059,0.0011778279409782044,true
3,-0.00031622776601683794,299.999683772234,-0.001,199.999,200.0,OPTIMAL,-0.0,0.0,19448.88888888889,0.0,,199.999,499.998683772234,499.998683772234,0.001316227765983058,true
3,-0.0005623413251903491,299.9994376586748,-0.001,199.999,200.0,OPTIMAL,-0.0,0.0,19448.88888888889,0.0,,199.999,499.9984376586748,499.9984376586748,0.0015623413252114915,true
3,-0.001,299.999,-0.001,199.999,200.0,OPTIMAL,-0.0,0.0,19448.88888888889,0.0,,199.999,499.99800000000005,499.99800000000005,0.0019999999999527063,true
3,-0.0017782794100389228,299.99822172059,-0.001,199.999,200.0,OPTIMAL,-0.0,0.0,19448.88888888889,0.0,,199.999,499.99722172059,499.99722172059,0.002778279409994866,true
3,-0.0031622776601683794,299.9968377223398,-0.001,199.999,200.0,OPTIMAL,-0.0,0.0,19448.88888888889,0.0,,199.999,499.99583772233984,499.99583772233984,0.004162277660157088,true
3,-0.005623413251903491,299.9943765867481,-0.001,199.999,200.0,OPTIMAL,-0.0,0.0,19448.88888888889,0.0,,199.999,499.9933765867481,499.9933765867481,0.006623413251872989,true
3,-0.010000000000000002,299.99,-0.001,199.999,200.0,OPTIMAL,-0.0,0.0,19448.88888888889,0.0,,199.999,499.98900000000003,499.98900000000003,0.010999999999967258,true
3,-0.01778279410038923,299.9822172058996,-0.001,199.999,200.0,OPTIMAL,-0.0,0.0,19448.88888888889,0.0,,199.999,499.9812172058996,499.9812172058996,0.018782794100388855,true
3,-0.03162277660168379,299.9683772233983,-0.001,199.999,200.0,OPTIMAL,-0.0,0.0,19448.88888888889,0.0,,199.999,499.96737722339833,499.96737722339833,0.03262277660167001,true
3,-0.05623413251903491,299.943765867481,-0.001,199.999,200.0,OPTIMAL,-0.0,0.0,19448.88888888889,0.0,,199.999,499.94276586748094,499.94276586748094,0.0572341325190564,true
3,-0.1,299.9,-0.001,199.999,200.0,OPTIMAL,-0.0,0.0,19448.88888888889,0.0,,199.999,499.899,499.899,0.10099999999999909,true
3,-0.1778279410038923,299.8221720589961,-0.001,199.999,200.0,OPTIMAL,-0.0,0.0,19448.88888888889,0.0,,199.999,499.8211720589961,499.8211720589961,0.178827941003874,true
3,-0.31622776601683794,299.6837722339832,-0.001,199.999,200.0,OPTIMAL,-0.0,0.0,19448.88888888889,0.0,,199.999,499.6827722339832,499.6827722339832,0.31722776601679925,true
3,-0.5623413251903491,299.43765867480965,-0.001,199.999,200.0,OPTIMAL,-0.0,0.0,19448.88888888889,0.0,,199.999,499.4366586748097,499.4366586748097,0.5633413251903221,true
3,-1.0,299.0,-0.001,199.999,200.0,OPTIMAL,-0.0,0.0,19448.88888888889,0.0,,199.999,498.999,498.999,1.0009999999999764,true
3,1.0e-6,300.000001,-0.001,199.999,200.0,OPTIMAL,-0.0,0.0,19448.88888888889,0.0,,199.999,499.999001,499.999001,0.000998999999978878,true
3,1.778279410038923e-6,300.0000017782794,-0.001,199.999,200.0,OPTIMAL,-0.0,0.0,19448.88888888889,0.0,,199.999,499.9990017782794,499.9990017782794,0.0009982217205788402,true
3,3.162277660168379e-6,300.00000316227766,-0.001,199.999,200.0,OPTIMAL,-0.0,0.0,19448.88888888889,0.0,,199.999,499.99900316227763,499.99900316227763,0.000996837722368582,true
3,5.623413251903491e-6,300.00000562341324,-0.001,199.999,200.0,OPTIMAL,-0.0,0.0,19448.88888888889,0.0,,199.999,499.99900562341327,499.99900562341327,0.0009943765867319598,true
3,1.0e-5,300.00001,-0.001,199.999,200.0,OPTIMAL,-0.0,0.0,19448.88888888889,0.0,,199.999,499.99901,499.99901,0.0009900000000016007,true
3,1.778279410038923e-5,300.0000177827941,-0.001,199.999,200.0,OPTIMAL,-0.0,0.0,19448.88888888889,0.0,,199.999,499.9990177827941,499.9990177827941,0.0009822172058875367,true
3,3.1622776601683795e-5,300.0000316227766,-0.001,199.999,200.0,OPTIMAL,-0.0,0.0,19448.88888888889,0.0,,199.999,499.99903162277656,499.99903162277656,0.0009683772234438948,true
3,5.623413251903491e-5,300.0000562341325,-0.001,199.999,200.0,OPTIMAL,-0.0,0.0,19448.88888888889,0.0,,199.999,499.99905623413247,499.99905623413247,0.0009437658675324201,true
3,0.0001,300.0001,-0.001,199.999,200.0,OPTIMAL,-0.0,0.0,19448.88888888889,0.0,,199.999,499.9991,499.9991,0.0009000000000014552,true
3,0.00017782794100389227,300.000177827941,-0.001,199.999,200.0,OPTIMAL,-0.0,0.0,19448.88888888889,0.0,,199.999,499.999177827941,499.999177827941,0.0008221720589745019,true
3,0.00031622776601683794,300.000316227766,-0.001,199.999,200.0,OPTIMAL,-0.0,0.0,19448.88888888889,0.0,,199.999,499.99931622776603,499.99931622776603,0.0006837722339696484,true
3,0.0005623413251903491,300.0005623413252,-0.001,199.999,200.0,OPTIMAL,-0.0,0.0,19448.88888888889,0.0,,199.999,499.99956234132515,499.99956234132515,0.0004376586748549016,true
3,0.001,300.001,-0.001,199.999,200.0,OPTIMAL,-0.0,0.0,19448.88888888889,0.0,,199.999,500.0,500.0,0.0,true
3,0.0017782794100389228,300.00177827941,-0.001,199.999,200.0,OPTIMAL,-3.194975148643506e-15,-3.194975148643506e-15,19448.88888888889,0.0,,199.99822172058998,500.0,500.0,0.0,true
3,0.0031622776601683794,300.0031622776602,-0.001,199.999,200.0,OPTIMAL,-3.194975148643506e-15,-3.194975148643506e-15,19448.88888888889,0.0,,199.99683772233982,500.0,500.0,0.0,true
3,0.005623413251903491,300.0056234132519,-0.001,199.999,200.0,OPTIMAL,-3.194975148643506e-15,-3.194975148643506e-15,19448.88888888889,0.0,,199.9943765867481,500.0,500.0,0.0,true
3,0.010000000000000002,300.01,-0.001,199.999,200.0,OPTIMAL,-3.194975148643506e-15,-3.194975148643506e-15,19448.88888888889,0.0,,199.99,500.0,500.0,0.0,true
3,0.01778279410038923,300.0177827941004,-0.001,199.999,200.0,OPTIMAL,-3.194975148643506e-15,-3.194975148643506e-15,19448.88888888889,0.0,,199.9822172058996,500.0,500.0,0.0,true
3,0.03162277660168379,300.0316227766017,-0.001,199.999,200.0,OPTIMAL,-3.194975148643506e-15,-3.194975148643506e-15,19448.88888888889,0.0,,199.9683772233983,500.0,500.0,0.0,true
3,0.05623413251903491,300.056234132519,-0.001,199.999,200.0,OPTIMAL,-3.194975148643506e-15,-3.194975148643506e-15,19448.88888888889,0.0,,199.94376586748098,500.0,500.0,0.0,true
3,0.1,300.1,-0.001,199.999,200.0,OPTIMAL,-3.194975148643506e-15,-3.194975148643506e-15,19448.88888888889,0.0,,199.89999999999998,500.0,500.0,0.0,true
3,0.1778279410038923,300.1778279410039,-0.001,199.999,200.0,OPTIMAL,-3.194975148643506e-15,-3.194975148643506e-15,19448.88888888889,0.0,,199.8221720589961,500.0,500.0,0.0,true
3,0.31622776601683794,300.3162277660168,-0.001,199.999,200.0,OPTIMAL,-3.194975148643506e-15,-3.194975148643506e-15,19448.88888888889,0.0,,199.68377223398318,500.0,500.0,0.0,true
3,0.5623413251903491,300.56234132519035,-0.001,199.999,200.0,OPTIMAL,-3.194975148643506e-15,-3.194975148643506e-15,19448.88888888889,0.0,,199.43765867480965,500.0,500.0,0.0,true
3,1.0,301.0,-0.001,199.999,200.0,OPTIMAL,-3.194975148643506e-15,-3.194975148643506e-15,19448.88888888889,0.0,,199.0,500.0,500.0,0.0,true
4,0.0,300.0,,200.0,22.22222222222222,OPTIMAL,-0.0,0.0,19448.88888888889,0.0,,22.222222222222218,322.22222222222223,322.22222222222223,177.77777777777777,true
4,-1.0e-6,299.999999,,200.0,22.22222222222222,OPTIMAL,-0.0,0.0,19448.88888888889,0.0,-0.0,22.222222222222218,322.22222122222223,322.22222122222223,177.77777877777777,true
4,-1.778279410038923e-6,299.9999982217206,,200.0,22.22222222222222,OPTIMAL,-0.0,0.0,19448.88888888889,0.0,-0.0,22.222222222222218,322.22222044394283,322.22222044394283,177.77777955605717,true
4,-3.162277660168379e-6,299.99999683772234,,200.0,22.22222222222222,OPTIMAL,-0.0,0.0,19448.88888888889,0.0,-0.0,22.222222222222218,322.22221905994456,322.22221905994456,177.77778094005544,true
4,-5.623413251903491e-6,299.99999437658676,,200.0,22.22222222222222,OPTIMAL,-0.0,0.0,19448.88888888889,0.0,-0.0,22.222222222222218,322.222216598809,322.222216598809,177.77778340119102,true
4,-1.0e-5,299.99999,,200.0,22.22222222222222,OPTIMAL,-0.0,0.0,19448.88888888889,0.0,-0.0,22.222222222222218,322.22221222222225,322.22221222222225,177.77778777777775,true
4,-1.778279410038923e-5,299.9999822172059,,200.0,22.22222222222222,OPTIMAL,-0.0,0.0,19448.88888888889,0.0,-0.0,22.222222222222218,322.22220443942814,322.22220443942814,177.77779556057186,true
4,-3.1622776601683795e-5,299.9999683772234,,200.0,22.22222222222222,OPTIMAL,-0.0,0.0,19448.88888888889,0.0,-0.0,22.222222222222218,322.22219059944564,322.22219059944564,177.77780940055436,true
4,-5.623413251903491e-5,299.9999437658675,,200.0,22.22222222222222,OPTIMAL,-0.0,0.0,19448.88888888889,0.0,-0.0,22.222222222222218,322.2221659880897,322.2221659880897,177.77783401191027,true
4,-0.0001,299.9999,,200.0,22.22222222222222,OPTIMAL,-0.0,0.0,19448.88888888889,0.0,-0.0,22.222222222222218,322.22212222222225,322.22212222222225,177.77787777777775,true
4,-0.00017782794100389227,299.999822172059,,200.0,22.22222222222222,OPTIMAL,-0.0,0.0,19448.88888888889,0.0,-0.0,22.222222222222218,322.2220443942812,322.2220443942812,177.77795560571877,true
4,-0.00031622776601683794,299.999683772234,,200.0,22.22222222222222,OPTIMAL,-0.0,0.0,19448.88888888889,0.0,-0.0,22.222222222222218,322.2219059944562,322.2219059944562,177.77809400554378,true
4,-0.0005623413251903491,299.9994376586748,,200.0,22.22222222222222,OPTIMAL,-0.0,0.0,19448.88888888889,0.0,-0.0,22.222222222222218,322.22165988089705,322.22165988089705,177.77834011910295,true
4,-0.001,299.999,,200.0,22.22222222222222,OPTIMAL,-0.0,0.0,19448.88888888889,0.0,-0.0,22.222222222222218,322.22122222222225,322.22122222222225,177.77877777777775,true
4,-0.0017782794100389228,299.99822172059,,200.0,22.22222222222222,OPTIMAL,-0.0,0.0,19448.88888888889,0.0,-0.0,22.222222222222218,322.2204439428122,322.2204439428122,177.7795560571878,true
4,-0.0031622776601683794,299.9968377223398,,200.0,22.22222222222222,OPTIMAL,-0.0,0.0,19448.88888888889,0.0,-0.0,22.222222222222218,322.21905994456205,322.21905994456205,177.78094005543795,true
4,-0.005623413251903491,299.9943765867481,,200.0,22.22222222222222,OPTIMAL,-0.0,0.0,19448.88888888889,0.0,-0.0,22.222222222222218,322.21659880897033,322.21659880897033,177.78340119102967,true
4,-0.010000000000000002,299.99,,200.0,22.22222222222222,OPTIMAL,-0.0,0.0,19448.88888888889,0.0,-0.0,22.222222222222218,322.21222222222224,322.21222222222224,177.78777777777776,true
4,-0.01778279410038923,299.9822172058996,,200.0,22.22222222222222,OPTIMAL,-0.0,0.0,19448.88888888889,0.0,-0.0,22.222222222222218,322.2044394281218,322.2044394281218,177.79556057187818,true
4,-0.03162277660168379,299.9683772233983,,200.0,22.22222222222222,OPTIMAL,-0.0,0.0,19448.88888888889,0.0,-0.0,22.222222222222218,322.19059944562053,322.19059944562053,177.80940055437947,true
4,-0.05623413251903491,299.943765867481,,200.0,22.22222222222222,OPTIMAL,-0.0,0.0,19448.88888888889,0.0,-0.0,22.222222222222218,322.1659880897032,322.1659880897032,177.8340119102968,true
4,-0.1,299.9,,200.0,22.22222222222222,OPTIMAL,-0.0,0.0,19448.88888888889,0.0,-0.0,22.222222222222218,322.1222222222222,322.1222222222222,177.8777777777778,true
4,-0.1778279410038923,299.8221720589961,,200.0,22.22222222222222,OPTIMAL,-0.0,0.0,19448.88888888889,0.0,-0.0,22.222222222222218,322.04439428121833,322.04439428121833,177.95560571878167,true
4,-0.31622776601683794,299.6837722339832,,200.0,22.22222222222222,OPTIMAL,-0.0,0.0,19448.88888888889,0.0,-0.0,22.222222222222218,321.9059944562054,321.9059944562054,178.0940055437946,true
4,-0.5623413251903491,299.43765867480965,,200.0,22.22222222222222,OPTIMAL,-0.0,0.0,19448.88888888889,0.0,-0.0,22.222222222222218,321.6598808970319,321.6598808970319,178.34011910296812,true
4,-1.0,299.0,,200.0,22.22222222222222,OPTIMAL,-0.0,0.0,19448.88888888889,0.0,-0.0,22.222222222222218,321.22222222222223,321.22222222222223,178.77777777777777,true
4,1.0e-6,300.000001,,200.0,22.22222222222222,OPTIMAL,-0.0,0.0,19448.88888888889,0.0,0.0,22.222222222222218,322.2222232222222,322.2222232222222,177.77777677777777,true
4,1.778279410038923e-6,300.0000017782794,,200.0,22.22222222222222,OPTIMAL,-0.0,0.0,19448.88888888889,0.0,0.0,22.222222222222218,322.2222240005016,322.2222240005016,177.77777599949837,true
4,3.162277660168379e-6,300.00000316227766,,200.0,22.22222222222222,OPTIMAL,-0.0,0.0,19448.88888888889,0.0,0.0,22.222222222222218,322.2222253844999,322.2222253844999,177.7777746155001,true
4,5.623413251903491e-6,300.00000562341324,,200.0,22.22222222222222,OPTIMAL,-0.0,0.0,19448.88888888889,0.0,0.0,22.222222222222218,322.2222278456355,322.2222278456355,177.77777215436453,true
4,1.0e-5,300.00001,,200.0,22.22222222222222,OPTIMAL,-0.0,0.0,19448.88888888889,0.0,0.0,22.222222222222218,322.2222322222222,322.2222322222222,177.7777677777778,true
4,1.778279410038923e-5,300.0000177827941,,200.0,22.22222222222222,OPTIMAL,-0.0,0.0,19448.88888888889,0.0,0.0,22.222222222222218,322.2222400050163,322.2222400050163,177.77775999498368,true
4,3.1622776601683795e-5,300.0000316227766,,200.0,22.22222222222222,OPTIMAL,-0.0,0.0,19448.88888888889,0.0,0.0,22.222222222222218,322.2222538449988,322.2222538449988,177.77774615500118,true
4,5.623413251903491e-5,300.0000562341325,,200.0,22.22222222222222,OPTIMAL,-0.0,0.0,19448.88888888889,0.0,0.0,22.222222222222218,322.22227845635473,322.22227845635473,177.77772154364527,true
4,0.0001,300.0001,,200.0,22.22222222222222,OPTIMAL,-0.0,0.0,19448.88888888889,0.0,0.0,22.222222222222218,322.2223222222222,322.2223222222222,177.7776777777778,true
4,0.00017782794100389227,300.000177827941,,200.0,22.22222222222222,OPTIMAL,-0.0,0.0,19448.88888888889,0.0,0.0,22.222222222222218,322.22240005016323,322.22240005016323,177.77759994983677,true
4,0.00031622776601683794,300.000316227766,,200.0,22.22222222222222,OPTIMAL,-0.0,0.0,19448.88888888889,0.0,0.0,22.222222222222218,322.22253844998824,322.22253844998824,177.77746155001176,true
4,0.0005623413251903491,300.0005623413252,,200.0,22.22222222222222,OPTIMAL,-0.0,0.0,19448.88888888889,0.0,0.0,22.222222222222218,322.2227845635474,322.2227845635474,177.7772154364526,true
4,0.001,300.001,,200.0,22.22222222222222,OPTIMAL,-0.0,0.0,19448.88888888889,0.0,0.0,22.222222222222218,322.2232222222222,322.2232222222222,177.7767777777778,true
4,0.0017782794100389228,300.00177827941,,200.0,22.22222222222222,OPTIMAL,-0.0,0.0,19448.88888888889,0.0,0.0,22.222222222222218,322.22400050163225,322.22400050163225,177.77599949836775,true
4,0.0031622776601683794,300.0031622776602,,200.0,22.22222222222222,OPTIMAL,-0.0,0.0,19448.88888888889,0.0,0.0,22.222222222222218,322.2253844998824,322.2253844998824,177.7746155001176,true
4,0.005623413251903491,300.0056234132519,,200.0,22.22222222222222,OPTIMAL,-0.0,0.0,19448.88888888889,0.0,0.0,22.222222222222218,322.2278456354741,322.2278456354741,177.77215436452587,true
4,0.010000000000000002,300.01,,200.0,22.22222222222222,OPTIMAL,-0.0,0.0,19448.88888888889,0.0,0.0,22.222222222222218,322.2322222222222,322.2322222222222,177.76777777777778,true
4,0.01778279410038923,300.0177827941004,,200.0,22.22222222222222,OPTIMAL,-0.0,0.0,19448.88888888889,0.0,0.0,22.222222222222218,322.24000501632264,322.24000501632264,177.75999498367736,true
4,0.03162277660168379,300.0316227766017,,200.0,22.22222222222222,OPTIMAL,-0.0,0.0,19448.88888888889,0.0,0.0,22.222222222222218,322.2538449988239,322.2538449988239,177.74615500117608,true
4,0.05623413251903491,300.056234132519,,200.0,22.22222222222222,OPTIMAL,-0.0,0.0,19448.88888888889,0.0,0.0,22.222222222222218,322.27845635474125,322.27845635474125,177.72154364525875,true
4,0.1,300.1,,200.0,22.22222222222222,OPTIMAL,-0.0,0.0,19448.88888888889,0.0,0.0,22.222222222222218,322.32222222222225,322.32222222222225,177.67777777777775,true
4,0.1778279410038923,300.1778279410039,,200.0,22.22222222222222,OPTIMAL,-0.0,0.0,19448.88888888889,0.0,0.0,22.222222222222218,322.4000501632261,322.4000501632261,177.59994983677387,true
4,0.31622776601683794,300.3162277660168,,200.0,22.22222222222222,OPTIMAL,-0.0,0.0,19448.88888888889,0.0,0.0,22.222222222222218,322.53844998823905,322.53844998823905,177.46155001176095,true
4,0.5623413251903491,300.56234132519035,,200.0,22.22222222222222,OPTIMAL,-0.0,0.0,19448.88888888889,0.0,0.0,22.222222222222218,322.7845635474126,322.7845635474126,177.21543645258743,true
4,1.0,301.0,,200.0,22.22222222222222,OPTIMAL,-0.0,0.0,19448.88888888889,0.0,0.0,22.222222222222218,323.22222222222223,323.22222222222223,176.77777777777777,true
4,0.0,300.0,0.0,22.22222222222222,22.22222222222222,OPTIMAL,-0.0,0.0,19448.88888888889,0.0,,22.222222222222218,322.22222222222223,322.22222222222223,177.77777777777777,true
4,-1.0e-6,299.999999,0.0,22.22222222222222,22.22222222222222,OPTIMAL,-0.0,0.0,19448.88888888889,0.0,,22.222222222222218,322.22222122222223,322.22222122222223,177.77777877777777,true
4,-1.778279410038923e-6,299.9999982217206,0.0,22.22222222222222,22.22222222222222,OPTIMAL,-0.0,0.0,19448.88888888889,0.0,,22.222222222222218,322.22222044394283,322.22222044394283,177.77777955605717,true
4,-3.162277660168379e-6,299.99999683772234,0.0,22.22222222222222,22.22222222222222,OPTIMAL,-0.0,0.0,19448.88888888889,0.0,,22.222222222222218,322.22221905994456,322.22221905994456,177.77778094005544,true
4,-5.623413251903491e-6,299.99999437658676,0.0,22.22222222222222,22.22222222222222,OPTIMAL,-0.0,0.0,19448.88888888889,0.0,,22.222222222222218,322.222216598809,322.222216598809,177.77778340119102,true
4,-1.0e-5,299.99999,0.0,22.22222222222222,22.22222222222222,OPTIMAL,-0.0,0.0,19448.88888888889,0.0,,22.222222222222218,322.22221222222225,322.22221222222225,177.77778777777775,true
4,-1.778279410038923e-5,299.9999822172059,0.0,22.22222222222222,22.22222222222222,OPTIMAL,-0.0,0.0,19448.88888888889,0.0,,22.222222222222218,322.22220443942814,322.22220443942814,177.77779556057186,true
4,-3.1622776601683795e-5,299.9999683772234,0.0,22.22222222222222,22.22222222222222,OPTIMAL,-0.0,0.0,19448.88888888889,0.0,,22.222222222222218,322.22219059944564,322.22219059944564,177.77780940055436,true
4,-5.623413251903491e-5,299.9999437658675,0.0,22.22222222222222,22.22222222222222,OPTIMAL,-0.0,0.0,19448.88888888889,0.0,,22.222222222222218,322.2221659880897,322.2221659880897,177.77783401191027,true
4,-0.0001,299.9999,0.0,22.22222222222222,22.22222222222222,OPTIMAL,-0.0,0.0,19448.88888888889,0.0,,22.222222222222218,322.22212222222225,322.22212222222225,177.77787777777775,true
4,-0.00017782794100389227,299.999822172059,0.0,22.22222222222222,22.22222222222222,OPTIMAL,-0.0,0.0,19448.88888888889,0.0,,22.222222222222218,322.2220443942812,322.2220443942812,177.77795560571877,true
4,-0.00031622776601683794,299.999683772234,0.0,22.22222222222222,22.22222222222222,OPTIMAL,-0.0,0.0,19448.88888888889,0.0,,22.222222222222218,322.2219059944562,322.2219059944562,177.77809400554378,true
4,-0.0005623413251903491,299.9994376586748,0.0,22.22222222222222,22.22222222222222,OPTIMAL,-0.0,0.0,19448.88888888889,0.0,,22.222222222222218,322.22165988089705,322.22165988089705,177.77834011910295,true
4,-0.001,299.999,0.0,22.22222222222222,22.22222222222222,OPTIMAL,-0.0,0.0,19448.88888888889,0.0,,22.222222222222218,322.22122222222225,322.22122222222225,177.77877777777775,true
4,-0.0017782794100389228,299.99822172059,0.0,22.22222222222222,22.22222222222222,OPTIMAL,-0.0,0.0,19448.88888888889,0.0,,22.222222222222218,322.2204439428122,322.2204439428122,177.7795560571878,true
4,-0.0031622776601683794,299.9968377223398,0.0,22.22222222222222,22.22222222222222,OPTIMAL,-0.0,0.0,19448.88888888889,0.0,,22.222222222222218,322.21905994456205,322.21905994456205,177.78094005543795,true
4,-0.005623413251903491,299.9943765867481,0.0,22.22222222222222,22.22222222222222,OPTIMAL,-0.0,0.0,19448.88888888889,0.0,,22.222222222222218,322.21659880897033,322.21659880897033,177.78340119102967,true
4,-0.010000000000000002,299.99,0.0,22.22222222222222,22.22222222222222,OPTIMAL,-0.0,0.0,19448.88888888889,0.0,,22.222222222222218,322.21222222222224,322.21222222222224,177.78777777777776,true
4,-0.01778279410038923,299.9822172058996,0.0,22.22222222222222,22.22222222222222,OPTIMAL,-0.0,0.0,19448.88888888889,0.0,,22.222222222222218,322.2044394281218,322.2044394281218,177.79556057187818,true
4,-0.03162277660168379,299.9683772233983,0.0,22.22222222222222,22.22222222222222,OPTIMAL,-0.0,0.0,19448.88888888889,0.0,,22.222222222222218,322.19059944562053,322.19059944562053,177.80940055437947,true
4,-0.05623413251903491,299.943765867481,0.0,22.22222222222222,22.22222222222222,OPTIMAL,-0.0,0.0,19448.88888888889,0.0,,22.222222222222218,322.1659880897032,322.1659880897032,177.8340119102968,true
4,-0.1,299.9,0.0,22.22222222222222,22.22222222222222,OPTIMAL,-0.0,0.0,19448.88888888889,0.0,,22.222222222222218,322.1222222222222,322.1222222222222,177.8777777777778,true
4,-0.1778279410038923,299.8221720589961,0.0,22.22222222222222,22.22222222222222,OPTIMAL,-0.0,0.0,19448.88888888889,0.0,,22.222222222222218,322.04439428121833,322.04439428121833,177.95560571878167,true
4,-0.31622776601683794,299.6837722339832,0.0,22.22222222222222,22.22222222222222,OPTIMAL,-0.0,0.0,19448.88888888889,0.0,,22.222222222222218,321.9059944562054,321.9059944562054,178.0940055437946,true
4,-0.5623413251903491,299.43765867480965,0.0,22.22222222222222,22.22222222222222,OPTIMAL,-0.0,0.0,19448.88888888889,0.0,,22.222222222222218,321.6598808970319,321.6598808970319,178.34011910296812,true
4,-1.0,299.0,0.0,22.22222222222222,22.22222222222222,OPTIMAL,-0.0,0.0,19448.88888888889,0.0,,22.222222222222218,321.22222222222223,321.22222222222223,178.77777777777777,true
4,1.0e-6,300.000001,0.0,22.22222222222222,22.22222222222222,OPTIMAL,-0.0,0.0,19448.88888888889,0.0,,22.222222222222218,322.2222232222222,322.2222232222222,177.77777677777777,true
4,1.778279410038923e-6,300.0000017782794,0.0,22.22222222222222,22.22222222222222,OPTIMAL,-0.0,0.0,19448.88888888889,0.0,,22.222222222222218,322.2222240005016,322.2222240005016,177.77777599949837,true
4,3.162277660168379e-6,300.00000316227766,0.0,22.22222222222222,22.22222222222222,OPTIMAL,-0.0,0.0,19448.88888888889,0.0,,22.222222222222218,322.2222253844999,322.2222253844999,177.7777746155001,true
4,5.623413251903491e-6,300.00000562341324,0.0,22.22222222222222,22.22222222222222,OPTIMAL,-0.0,0.0,19448.88888888889,0.0,,22.222222222222218,322.2222278456355,322.2222278456355,177.77777215436453,true
4,1.0e-5,300.00001,0.0,22.22222222222222,22.22222222222222,OPTIMAL,-0.0,0.0,19448.88888888889,0.0,,22.222222222222218,322.2222322222222,322.2222322222222,177.7777677777778,true
4,1.778279410038923e-5,300.0000177827941,0.0,22.22222222222222,22.22222222222222,OPTIMAL,-0.0,0.0,19448.88888888889,0.0,,22.222222222222218,322.2222400050163,322.2222400050163,177.77775999498368,true
4,3.1622776601683795e-5,300.0000316227766,0.0,22.22222222222222,22.22222222222222,OPTIMAL,-0.0,0.0,19448.88888888889,0.0,,22.222222222222218,322.2222538449988,322.2222538449988,177.77774615500118,true
4,5.623413251903491e-5,300.0000562341325,0.0,22.22222222222222,22.22222222222222,OPTIMAL,-0.0,0.0,19448.88888888889,0.0,,22.222222222222218,322.22227845635473,322.22227845635473,177.77772154364527,true
4,0.0001,300.0001,0.0,22.22222222222222,22.22222222222222,OPTIMAL,-0.0,0.0,19448.88888888889,0.0,,22.222222222222218,322.2223222222222,322.2223222222222,177.7776777777778,true
4,0.00017782794100389227,300.000177827941,0.0,22.22222222222222,22.22222222222222,OPTIMAL,-0.0,0.0,19448.88888888889,0.0,,22.222222222222218,322.22240005016323,322.22240005016323,177.77759994983677,true
4,0.00031622776601683794,300.000316227766,0.0,22.22222222222222,22.22222222222222,OPTIMAL,-0.0,0.0,19448.88888888889,0.0,,22.222222222222218,322.22253844998824,322.22253844998824,177.77746155001176,true
4,0.0005623413251903491,300.0005623413252,0.0,22.22222222222222,22.22222222222222,OPTIMAL,-0.0,0.0,19448.88888888889,0.0,,22.222222222222218,322.2227845635474,322.2227845635474,177.7772154364526,true
4,0.001,300.001,0.0,22.22222222222222,22.22222222222222,OPTIMAL,-0.0,0.0,19448.88888888889,0.0,,22.222222222222218,322.2232222222222,322.2232222222222,177.7767777777778,true
4,0.0017782794100389228,300.00177827941,0.0,22.22222222222222,22.22222222222222,OPTIMAL,-0.0,0.0,19448.88888888889,0.0,,22.222222222222218,322.22400050163225,322.22400050163225,177.77599949836775,true
4,0.0031622776601683794,300.0031622776602,0.0,22.22222222222222,22.22222222222222,OPTIMAL,-0.0,0.0,19448.88888888889,0.0,,22.222222222222218,322.2253844998824,322.2253844998824,177.7746155001176,true
4,0.005623413251903491,300.0056234132519,0.0,22.22222222222222,22.22222222222222,OPTIMAL,-0.0,0.0,19448.88888888889,0.0,,22.222222222222218,322.2278456354741,322.2278456354741,177.77215436452587,true
4,0.010000000000000002,300.01,0.0,22.22222222222222,22.22222222222222,OPTIMAL,-0.0,0.0,19448.88888888889,0.0,,22.222222222222218,322.2322222222222,322.2322222222222,177.76777777777778,true
4,0.01778279410038923,300.0177827941004,0.0,22.22222222222222,22.22222222222222,OPTIMAL,-0.0,0.0,19448.88888888889,0.0,,22.222222222222218,322.24000501632264,322.24000501632264,177.75999498367736,true
4,0.03162277660168379,300.0316227766017,0.0,22.22222222222222,22.22222222222222,OPTIMAL,-0.0,0.0,19448.88888888889,0.0,,22.222222222222218,322.2538449988239,322.2538449988239,177.74615500117608,true
4,0.05623413251903491,300.056234132519,0.0,22.22222222222222,22.22222222222222,OPTIMAL,-0.0,0.0,19448.88888888889,0.0,,22.222222222222218,322.27845635474125,322.27845635474125,177.72154364525875,true
4,0.1,300.1,0.0,22.22222222222222,22.22222222222222,OPTIMAL,-0.0,0.0,19448.88888888889,0.0,,22.222222222222218,322.32222222222225,322.32222222222225,177.67777777777775,true
4,0.1778279410038923,300.1778279410039,0.0,22.22222222222222,22.22222222222222,OPTIMAL,-0.0,0.0,19448.88888888889,0.0,,22.222222222222218,322.4000501632261,322.4000501632261,177.59994983677387,true
4,0.31622776601683794,300.3162277660168,0.0,22.22222222222222,22.22222222222222,OPTIMAL,-0.0,0.0,19448.88888888889,0.0,,22.222222222222218,322.53844998823905,322.53844998823905,177.46155001176095,true
4,0.5623413251903491,300.56234132519035,0.0,22.22222222222222,22.22222222222222,OPTIMAL,-0.0,0.0,19448.88888888889,0.0,,22.222222222222218,322.7845635474126,322.7845635474126,177.21543645258743,true
4,1.0,301.0,0.0,22.22222222222222,22.22222222222222,OPTIMAL,-0.0,0.0,19448.88888888889,0.0,,22.222222222222218,323.22222222222223,323.22222222222223,176.77777777777777,true
4,0.0,300.0,-0.001,22.22122222222222,22.22222222222222,OPTIMAL,-0.0,0.0,19449.06128888889,0.1723999999994703,,22.22122222222222,322.2212222222222,322.2212222222222,177.7787777777778,true
4,-1.0e-6,299.999999,-0.001,22.22122222222222,22.22222222222222,OPTIMAL,-0.0,0.0,19449.06128888889,0.1723999999994703,,22.22122222222222,322.2212212222222,322.2212212222222,177.7787787777778,true
4,-1.778279410038923e-6,299.9999982217206,-0.001,22.22122222222222,22.22222222222222,OPTIMAL,-0.0,0.0,19449.06128888889,0.1723999999994703,,22.22122222222222,322.2212204439428,322.2212204439428,177.7787795560572,true
4,-3.162277660168379e-6,299.99999683772234,-0.001,22.22122222222222,22.22222222222222,OPTIMAL,-0.0,0.0,19449.06128888889,0.1723999999994703,,22.22122222222222,322.22121905994453,322.22121905994453,177.77878094005547,true
4,-5.623413251903491e-6,299.99999437658676,-0.001,22.22122222222222,22.22222222222222,OPTIMAL,-0.0,0.0,19449.06128888889,0.1723999999994703,,22.22122222222222,322.22121659880895,322.22121659880895,177.77878340119105,true
4,-1.0e-5,299.99999,-0.001,22.22122222222222,22.22222222222222,OPTIMAL,-0.0,0.0,19449.06128888889,0.1723999999994703,,22.22122222222222,322.2212122222222,322.2212122222222,177.77878777777778,true
4,-1.778279410038923e-5,299.9999822172059,-0.001,22.22122222222222,22.22222222222222,OPTIMAL,-0.0,0.0,19449.06128888889,0.1723999999994703,,22.22122222222222,322.2212044394281,322.2212044394281,177.7787955605719,true
4,-3.1622776601683795e-5,299.9999683772234,-0.001,22.22122222222222,22.22222222222222,OPTIMAL,-0.0,0.0,19449.06128888889,0.1723999999994703,,22.22122222222222,322.2211905994456,322.2211905994456,177.7788094005544,true
4,-5.623413251903491e-5,299.9999437658675,-0.001,22.22122222222222,22.22222222222222,OPTIMAL,-0.0,0.0,19449.06128888889,0.1723999999994703,,22.22122222222222,322.2211659880897,322.2211659880897,177.7788340119103,true
4,-0.0001,299.9999,-0.001,22.22122222222222,22.22222222222222,OPTIMAL,-0.0,0.0,19449.06128888889,0.1723999999994703,,22.22122222222222,322.2211222222222,322.2211222222222,177.77887777777778,true
4,-0.00017782794100389227,299.999822172059,-0.001,22.22122222222222,22.22222222222222,OPTIMAL,-0.0,0.0,19449.06128888889,0.1723999999994703,,22.22122222222222,322.2210443942812,322.2210443942812,177.7789556057188,true
4,-0.00031622776601683794,299.999683772234,-0.001,22.22122222222222,22.22222222222222,OPTIMAL,-0.0,0.0,19449.06128888889,0.1723999999994703,,22.22122222222222,322.2209059944562,322.2209059944562,177.7790940055438,true
4,-0.0005623413251903491,299.9994376586748,-0.001,22.22122222222222,22.22222222222222,OPTIMAL,-0.0,0.0,19449.06128888889,0.1723999999994703,,22.22122222222222,322.220659880897,322.220659880897,177.77934011910298,true
4,-0.001,299.999,-0.001,22.22122222222222,22.22222222222222,OPTIMAL,-0.0,0.0,19449.06128888889,0.1723999999994703,,22.22122222222222,322.2202222222222,322.2202222222222,177.77977777777778,true
4,-0.0017782794100389228,299.99822172059,-0.001,22.22122222222222,22.22222222222222,OPTIMAL,-0.0,0.0,19449.06128888889,0.1723999999994703,,22.22122222222222,322.2194439428122,322.2194439428122,177.78055605718782,true
4,-0.0031622776601683794,299.9968377223398,-0.001,22.22122222222222,22.22222222222222,OPTIMAL,-0.0,0.0,19449.06128888889,0.1723999999994703,,22.22122222222222,322.218059944562,322.218059944562,177.78194005543799,true
4,-0.005623413251903491,299.9943765867481,-0.001,22.22122222222222,22.22222222222222,OPTIMAL,-0.0,0.0,19449.06128888889,0.1723999999994703,,22.22122222222222,322.2155988089703,322.2155988089703,177.7844011910297,true
4,-0.010000000000000002,299.99,-0.001,22.22122222222222,22.22222222222222,OPTIMAL,-0.0,0.0,19449.06128888889,0.1723999999994703,,22.22122222222222,322.2112222222222,322.2112222222222,177.7887777777778,true
4,-0.01778279410038923,299.9822172058996,-0.001,22.22122222222222,22.22222222222222,OPTIMAL,-0.0,0.0,19449.06128888889,0.1723999999994703,,22.22122222222222,322.2034394281218,322.2034394281218,177.79656057187822,true
4,-0.03162277660168379,299.9683772233983,-0.001,22.22122222222222,22.22222222222222,OPTIMAL,-0.0,0.0,19449.06128888889,0.1723999999994703,,22.22122222222222,322.1895994456205,322.1895994456205,177.8104005543795,true
4,-0.05623413251903491,299.943765867481,-0.001,22.22122222222222,22.22222222222222,OPTIMAL,-0.0,0.0,19449.06128888889,0.1723999999994703,,22.22122222222222,322.1649880897032,322.1649880897032,177.83501191029683,true
4,-0.1,299.9,-0.001,22.22122222222222,22.22222222222222,OPTIMAL,-0.0,0.0,19449.06128888889,0.1723999999994703,,22.22122222222222,322.1212222222222,322.1212222222222,177.87877777777783,true
4,-0.1778279410038923,299.8221720589961,-0.001,22.22122222222222,22.22222222222222,OPTIMAL,-0.0,0.0,19449.06128888889,0.1723999999994703,,22.22122222222222,322.0433942812183,322.0433942812183,177.9566057187817,true
4,-0.31622776601683794,299.6837722339832,-0.001,22.22122222222222,22.22222222222222,OPTIMAL,-0.0,0.0,19449.06128888889,0.1723999999994703,,22.22122222222222,321.9049944562054,321.9049944562054,178.09500554379463,true
4,-0.5623413251903491,299.43765867480965,-0.001,22.22122222222222,22.22222222222222,OPTIMAL,-0.0,0.0,19449.06128888889,0.1723999999994703,,22.22122222222222,321.65888089703185,321.65888089703185,178.34111910296815,true
4,-1.0,299.0,-0.001,22.22122222222222,22.22222222222222,OPTIMAL,-0.0,0.0,19449.06128888889,0.1723999999994703,,22.22122222222222,321.2212222222222,321.2212222222222,178.7787777777778,true
4,1.0e-6,300.000001,-0.001,22.22122222222222,22.22222222222222,OPTIMAL,-0.0,0.0,19449.06128888889,0.1723999999994703,,22.22122222222222,322.2212232222222,322.2212232222222,177.7787767777778,true
4,1.778279410038923e-6,300.0000017782794,-0.001,22.22122222222222,22.22222222222222,OPTIMAL,-0.0,0.0,19449.06128888889,0.1723999999994703,,22.22122222222222,322.2212240005016,322.2212240005016,177.7787759994984,true
4,3.162277660168379e-6,300.00000316227766,-0.001,22.22122222222222,22.22222222222222,OPTIMAL,-0.0,0.0,19449.06128888889,0.1723999999994703,,22.22122222222222,322.22122538449986,322.22122538449986,177.77877461550014,true
4,5.623413251903491e-6,300.00000562341324,-0.001,22.22122222222222,22.22222222222222,OPTIMAL,-0.0,0.0,19449.06128888889,0.1723999999994703,,22.22122222222222,322.22122784563544,322.22122784563544,177.77877215436456,true
4,1.0e-5,300.00001,-0.001,22.22122222222222,22.22222222222222,OPTIMAL,-0.0,0.0,19449.06128888889,0.1723999999994703,,22.22122222222222,322.22123222222217,322.22123222222217,177.77876777777783,true
4,1.778279410038923e-5,300.0000177827941,-0.001,22.22122222222222,22.22222222222222,OPTIMAL,-0.0,0.0,19449.06128888889,0.1723999999994703,,22.22122222222222,322.2212400050163,322.2212400050163,177.77875999498372,true
4,3.1622776601683795e-5,300.0000316227766,-0.001,22.22122222222222,22.22222222222222,OPTIMAL,-0.0,0.0,19449.06128888889,0.1723999999994703,,22.22122222222222,322.2212538449988,322.2212538449988,177.77874615500122,true
4,5.623413251903491e-5,300.0000562341325,-0.001,22.22122222222222,22.22222222222222,OPTIMAL,-0.0,0.0,19449.06128888889,0.1723999999994703,,22.22122222222222,322.2212784563547,322.2212784563547,177.7787215436453,true
4,0.0001,300.0001,-0.001,22.22122222222222,22.22222222222222,OPTIMAL,-0.0,0.0,19449.06128888889,0.1723999999994703,,22.22122222222222,322.22132222222217,322.22132222222217,177.77867777777783,true
4,0.00017782794100389227,300.000177827941,-0.001,22.22122222222222,22.22222222222222,OPTIMAL,-0.0,0.0,19449.06128888889,0.1723999999994703,,22.22122222222222,322.2214000501632,322.2214000501632,177.7785999498368,true
4,0.00031622776601683794,300.000316227766,-0.001,22.22122222222222,22.22222222222222,OPTIMAL,-0.0,0.0,19449.06128888889,0.1723999999994703,,22.22122222222222,322.2215384499882,322.2215384499882,177.7784615500118,true
4,0.0005623413251903491,300.0005623413252,-0.001,22.22122222222222,22.22222222222222,OPTIMAL,-0.0,0.0,19449.06128888889,0.1723999999994703,,22.22122222222222,322.2217845635474,322.2217845635474,177.77821543645263,true
4,0.001,300.001,-0.001,22.22122222222222,22.22222222222222,OPTIMAL,-0.0,0.0,19449.06128888889,0.1723999999994703,,22.22122222222222,322.2222222222222,322.2222222222222,177.77777777777783,true
4,0.0017782794100389228,300.00177827941,-0.001,22.22122222222222,22.22222222222222,OPTIMAL,-0.0,0.0,19449.06128888889,0.1723999999994703,,22.22122222222222,322.2230005016322,322.2230005016322,177.7769994983678,true
4,0.0031622776601683794,300.0031622776602,-0.001,22.22122222222222,22.22222222222222,OPTIMAL,-0.0,0.0,19449.06128888889,0.1723999999994703,,22.22122222222222,322.2243844998824,322.2243844998824,177.77561550011762,true
4,0.005623413251903491,300.0056234132519,-0.001,22.22122222222222,22.22222222222222,OPTIMAL,-0.0,0.0,19449.06128888889,0.1723999999994703,,22.22122222222222,322.2268456354741,322.2268456354741,177.7731543645259,true
4,0.010000000000000002,300.01,-0.001,22.22122222222222,22.22222222222222,OPTIMAL,-0.0,0.0,19449.06128888889,0.1723999999994703,,22.22122222222222,322.2312222222222,322.2312222222222,177.7687777777778,true
4,0.01778279410038923,300.0177827941004,-0.001,22.22122222222222,22.22222222222222,OPTIMAL,-0.0,0.0,19449.06128888889,0.1723999999994703,,22.22122222222222,322.2390050163226,322.2390050163226,177.7609949836774,true
4,0.03162277660168379,300.0316227766017,-0.001,22.22122222222222,22.22222222222222,OPTIMAL,-0.0,0.0,19449.06128888889,0.1723999999994703,,22.22122222222222,322.2528449988239,322.2528449988239,177.7471550011761,true
4,0.05623413251903491,300.056234132519,-0.001,22.22122222222222,22.22222222222222,OPTIMAL,-0.0,0.0,19449.06128888889,0.1723999999994703,,22.22122222222222,322.2774563547412,322.2774563547412,177.72254364525878,true
4,0.1,300.1,-0.001,22.22122222222222,22.22222222222222,OPTIMAL,-0.0,0.0,19449.06128888889,0.1723999999994703,,22.22122222222222,322.3212222222222,322.3212222222222,177.67877777777778,true
4,0.1778279410038923,300.1778279410039,-0.001,22.22122222222222,22.22222222222222,OPTIMAL,-0.0,0.0,19449.06128888889,0.1723999999994703,,22.22122222222222,322.3990501632261,322.3990501632261,177.6009498367739,true
4,0.31622776601683794,300.3162277660168,-0.001,22.22122222222222,22.22222222222222,OPTIMAL,-0.0,0.0,19449.06128888889,0.1723999999994703,,22.22122222222222,322.537449988239,322.537449988239,177.46255001176098,true
4,0.5623413251903491,300.56234132519035,-0.001,22.22122222222222,22.22222222222222,OPTIMAL,-0.0,0.0,19449.06128888889,0.1723999999994703,,22.22122222222222,322.78356354741254,322.78356354741254,177.21643645258746,true
4,1.0,301.0,-0.001,22.22122222222222,22.22222222222222,OPTIMAL,-0.0,0.0,19449.06128888889,0.1723999999994703,,22.22122222222222,323.2212222222222,323.2212222222222,176.7787777777778,true
5,0.0,200.0,,200.0,0.0,OPTIMAL,50.0,0.0,19448.88888888889,0.0,,0.0,200.0,100.0,0.0,false
5,-1.0e-6,199.999999,,200.0,0.0,OPTIMAL,50.0,0.0,19448.88868888889,-0.00020000000222353265,50.00000055588316,0.0,199.999999,99.999999,0.0,false
5,-1.778279410038923e-6,199.9999982217206,,200.0,0.0,OPTIMAL,50.0,0.0,19448.88853323301,-0.00035565588041208684,49.99999977566831,0.0,199.9999982217206,99.9999982217206,0.0,false
5,-3.162277660168379e-6,199.99999683772234,,200.0,0.0,OPTIMAL,50.0,0.0,19448.888256433354,-0.0006324555361061357,50.00000032195622,0.0,199.99999683772234,99.99999683772234,0.0,false
5,-5.623413251903491e-6,199.99999437658676,,200.0,0.0,OPTIMAL,50.0,0.0,19448.88776420624,-0.0011246826506976504,50.00000001409074,0.0,199.99999437658676,99.99999437658676,0.0,false
5,-1.0e-5,199.99999,,200.0,0.0,OPTIMAL,50.0,0.0,19448.88688888889,-0.0020000000004074536,50.000000010186334,0.0,199.99999,99.99999,0.0,false
5,-1.778279410038923e-5,199.9999822172059,,200.0,0.0,OPTIMAL,50.0,0.0,19448.885332330072,-0.0035565588186727837,49.99999998024689,0.0,199.9999822172059,99.99998221720591,0.0,false
5,-3.1622776601683795e-5,199.9999683772234,,200.0,0.0,OPTIMAL,50.0,0.0,19448.882564333573,-0.006324555317405611,49.99999997682724,0.0,199.9999683772234,99.99996837722341,0.0,false
5,-5.623413251903491e-5,199.99994376586747,,200.0,0.0,OPTIMAL,50.0,0.0,19448.877642062384,-0.011246826506976504,50.000000014090745,0.0,199.99994376586747,99.99994376586747,0.0,false
5,-0.0001,199.9999,,200.0,0.0,OPTIMAL,50.0,0.0,19448.868888888886,-0.020000000004074536,50.00000001018634,0.0,199.9999,99.9999,0.0,false
5,-0.00017782794100389227,199.999822172059,,200.0,0.0,OPTIMAL,50.0,0.0,19448.85332330069,-0.03556558820127975,50.00000000070475,0.0,199.999822172059,99.999822172059,0.0,false
5,-0.00031622776601683794,199.999683772234,,200.0,0.0,OPTIMAL,50.0,0.0,19448.825643335687,-0.06324555320315994,49.99999999983584,0.0,199.999683772234,99.999683772234,0.0,false
5,-0.0005623413251903491,199.99943765867482,,200.0,0.0,OPTIMAL,50.0,0.0,19448.776420623853,-0.11246826503702323,49.999999999534715,0.0,199.99943765867482,99.99943765867482,0.0,false
5,-0.001,199.999,,200.0,0.0,OPTIMAL,50.0,0.0,19448.688888888886,-0.20000000000436557,50.000000001091394,0.0,199.999,99.999,0.0,false
5,-0.0017782794100389228,199.99822172058995,,200.0,0.0,OPTIMAL,50.0,0.0,19448.533233006878,-0.3556558820127975,50.00000000070475,0.0,199.99822172058995,99.99822172058995,0.0,false
5,-0.0031622776601683794,199.99683772233982,,200.0,0.0,OPTIMAL,50.0,0.0,19448.25643335685,-0.6324555320388754,50.000000000411056,0.0,199.99683772233982,99.99683772233982,0.0,false
5,-0.005623413251903491,199.9943765867481,,200.0,0.0,OPTIMAL,50.0,0.0,19447.76420623851,-1.1246826503811462,50.00000000001992,0.0,199.9943765867481,99.9943765867481,0.0,false
5,-0.010000000000000002,199.99,,200.0,0.0,OPTIMAL,50.0,0.0,19446.88888888889,-2.0,49.99999999999999,0.0,199.99,99.99000000000001,0.0,false
5,-0.01778279410038923,199.98221720589962,,200.0,0.0,OPTIMAL,50.0,0.0,19445.332330068813,-3.5565588200770435,49.99999999998872,0.0,199.98221720589962,99.98221720589962,0.0,false
5,-0.03162277660168379,199.9683772233983,,200.0,0.0,OPTIMAL,50.0,0.0,19442.564333568553,-6.324555320337822,50.00000000000841,0.0,199.9683772233983,99.9683772233983,0.0,false
5,-0.05623413251903491,199.94376586748098,,200.0,0.0,OPTIMAL,50.0,0.0,19437.642062385086,-11.246826503804186,49.99999999998757,0.0,199.94376586748098,99.94376586748098,0.0,false
5,-0.1,199.9,,200.0,0.0,OPTIMAL,50.0,0.0,19428.88888888889,-20.0,50.0,0.0,199.9,99.9,0.0,false
5,-0.1778279410038923,199.8221720589961,,200.0,0.0,OPTIMAL,50.0,0.0,19413.32330068811,-35.56558820078135,50.000000000004064,0.0,199.8221720589961,99.8221720589961,0.0,false
5,-0.31622776601683794,199.68377223398315,,200.0,0.0,OPTIMAL,50.0,0.0,19385.64333568552,-63.245553203370946,50.00000000000266,0.0,199.68377223398315,99.68377223398315,0.0,false
5,-0.5623413251903491,199.43765867480965,,200.0,0.0,OPTIMAL,50.0,0.0,19336.42062385082,-112.46826503807097,50.00000000000051,0.0,199.43765867480965,99.43765867480965,0.0,false
5,-1.0,199.0,,200.0,0.0,OPTIMAL,50.0,0.0,19248.88888888889,-200.0,50.0,0.0,199.0,99.0,0.0,false
5,1.0e-6,200.000001,,200.0,0.0,OPTIMAL,50.0,0.0,19448.889088888885,0.00019999999494757503,49.99999873689376,0.0,200.000001,100.000001,0.0,false
5,1.778279410038923e-6,200.0000017782794,,200.0,0.0,OPTIMAL,50.0,0.0,19448.88924454477,0.00035565588041208684,49.99999977566831,0.0,200.0000017782794,100.0000017782794,0.0,false
5,3.162277660168379e-6,200.00000316227766,,200.0,0.0,OPTIMAL,50.0,0.0,19448.88952134442,0.0006324555288301781,49.99999974674127,0.0,200.00000316227766,100.00000316227766,0.0,false
5,5.623413251903491e-6,200.00000562341324,,200.0,0.0,OPTIMAL,50.0,0.0,19448.890013571538,0.0011246826470596716,49.99999985235716,0.0,200.00000562341324,100.00000562341324,0.0,false
5,1.0e-5,200.00001,,200.0,0.0,OPTIMAL,50.0,0.0,19448.89088888889,0.0020000000004074536,50.000000010186334,0.0,200.00001,100.00001,0.0,false
5,1.778279410038923e-5,200.0000177827941,,200.0,0.0,OPTIMAL,50.0,0.0,19448.89244544771,0.0035565588186727837,49.99999998024689,0.0,200.0000177827941,100.00001778279409,0.0,false
5,3.1622776601683795e-5,200.0000316227766,,200.0,0.0,OPTIMAL,50.0,0.0,19448.895213444208,0.006324555317405611,49.99999997682724,0.0,200.0000316227766,100.00003162277659,0.0,false
5,5.623413251903491e-5,200.00005623413253,,200.0,0.0,OPTIMAL,50.0,0.0,19448.900135715394,0.011246826503338525,49.999999997917385,0.0,200.00005623413253,100.00005623413253,0.0,false
5,0.0001,200.0001,,200.0,0.0,OPTIMAL,50.0,0.0,19448.908888888887,0.01999999999679858,49.99999999199645,0.0,200.0001,100.0001,0.0,false
5,0.00017782794100389227,200.000177827941,,200.0,0.0,OPTIMAL,50.0,0.0,19448.92445447709,0.03556558820127975,50.00000000070475,0.0,200.000177827941,100.000177827941,0.0,false
5,0.00031622776601683794,200.000316227766,,200.0,0.0,OPTIMAL,50.0,0.0,19448.95213444209,0.06324555319952196,49.999999996959765,0.0,200.000316227766,100.000316227766,0.0,false
5,0.0005623413251903491,200.00056234132518,,200.0,0.0,OPTIMAL,50.0,0.0,19449.001357153924,0.11246826503338525,49.999999997917385,0.0,200.00056234132518,100.00056234132518,0.0,false
5,0.001,200.001,,200.0,0.0,OPTIMAL,50.0,0.0,19449.088888888888,0.19999999999708962,49.999999999272404,0.0,200.001,100.001,0.0,false
5,0.0017782794100389228,200.00177827941005,,200.0,0.0,OPTIMAL,50.0,0.0,19449.244544770896,0.35565588200552156,49.999999999681854,0.0,200.00177827941005,100.00177827941005,0.0,false
5,0.0031622776601683794,200.00316227766018,,200.0,0.0,OPTIMAL,50.0,0.0,19449.521344420922,0.6324555320315994,49.99999999983584,0.0,200.00316227766018,100.00316227766018,0.0,false
5,0.005623413251903491,200.0056234132519,,200.0,0.0,OPTIMAL,50.0,0.0,19450.013571539268,1.1246826503775083,49.99999999985818,0.0,200.0056234132519,100.0056234132519,0.0,false
5,0.010000000000000002,200.01,,200.0,0.0,OPTIMAL,50.0,0.0,19450.888888888887,1.999999999996362,49.99999999990904,0.0,200.01,100.00999999999999,0.0,false
5,0.01778279410038923,200.01778279410038,,200.0,0.0,OPTIMAL,50.0,0.0,19452.445447708968,3.5565588200770435,49.99999999998872,0.0,200.01778279410038,100.01778279410038,0.0,false
5,0.03162277660168379,200.0316227766017,,200.0,0.0,OPTIMAL,50.0,0.0,19455.21344420923,6.324555320337822,50.00000000000841,0.0,200.0316227766017,100.0316227766017,0.0,false
5,0.05623413251903491,200.05623413251902,,200.0,0.0,OPTIMAL,50.0,0.0,19460.135715392695,11.246826503804186,49.99999999998757,0.0,200.05623413251902,100.05623413251902,0.0,false
5,0.1,200.1,,200.0,0.0,OPTIMAL,50.0,0.0,19468.888888888887,19.999999999996362,49.999999999990905,0.0,200.1,100.1,0.0,false
5,0.1778279410038923,200.1778279410039,,200.0,0.0,OPTIMAL,50.0,0.0,19484.45447708967,35.56558820077771,49.99999999999895,0.0,200.1778279410039,100.1778279410039,0.0,false
5,0.31622776601683794,200.31622776601685,,200.0,0.0,OPTIMAL,50.0,0.0,19512.13444209226,63.245553203370946,50.00000000000266,0.0,200.31622776601685,100.31622776601685,0.0,false
5,0.5623413251903491,200.56234132519035,,200.0,0.0,OPTIMAL,50.0,0.0,19561.357153926958,112.46826503806733,49.9999999999989,0.0,200.56234132519035,100.56234132519035,0.0,false
5,1.0,201.0,,200.0,0.0,OPTIMAL,50.0,0.0,19648.88888888889,200.0,50.0,0.0,201.0,101.0,0.0,false
5,0.0,200.0,0.0,0.0,0.0,OPTIMAL,50.0,0.0,19448.88888888889,0.0,,0.0,200.0,100.0,0.0,false
5,-1.0e-6,199.999999,0.0,0.0,0.0,OPTIMAL,50.0,0.0,19448.88868888889,-0.00020000000222353265,,0.0,199.999999,99.999999,0.0,false
5,-1.778279410038923e-6,199.9999982217206,0.0,0.0,0.0,OPTIMAL,50.0,0.0,19448.88853323301,-0.00035565588041208684,,0.0,199.9999982217206,99.9999982217206,0.0,false
5,-3.162277660168379e-6,199.99999683772234,0.0,0.0,0.0,OPTIMAL,50.0,0.0,19448.888256433354,-0.0006324555361061357,,0.0,199.99999683772234,99.99999683772234,0.0,false
5,-5.623413251903491e-6,199.99999437658676,0.0,0.0,0.0,OPTIMAL,50.0,0.0,19448.88776420624,-0.0011246826506976504,,0.0,199.99999437658676,99.99999437658676,0.0,false
5,-1.0e-5,199.99999,0.0,0.0,0.0,OPTIMAL,50.0,0.0,19448.88688888889,-0.0020000000004074536,,0.0,199.99999,99.99999,0.0,false
5,-1.778279410038923e-5,199.9999822172059,0.0,0.0,0.0,OPTIMAL,50.0,0.0,19448.885332330072,-0.0035565588186727837,,0.0,199.9999822172059,99.99998221720591,0.0,false
5,-3.1622776601683795e-5,199.9999683772234,0.0,0.0,0.0,OPTIMAL,50.0,0.0,19448.882564333573,-0.006324555317405611,,0.0,199.9999683772234,99.99996837722341,0.0,false
5,-5.623413251903491e-5,199.99994376586747,0.0,0.0,0.0,OPTIMAL,50.0,0.0,19448.877642062384,-0.011246826506976504,,0.0,199.99994376586747,99.99994376586747,0.0,false
5,-0.0001,199.9999,0.0,0.0,0.0,OPTIMAL,50.0,0.0,19448.868888888886,-0.020000000004074536,,0.0,199.9999,99.9999,0.0,false
5,-0.00017782794100389227,199.999822172059,0.0,0.0,0.0,OPTIMAL,50.0,0.0,19448.85332330069,-0.03556558820127975,,0.0,199.999822172059,99.999822172059,0.0,false
5,-0.00031622776601683794,199.999683772234,0.0,0.0,0.0,OPTIMAL,50.0,0.0,19448.825643335687,-0.06324555320315994,,0.0,199.999683772234,99.999683772234,0.0,false
5,-0.0005623413251903491,199.99943765867482,0.0,0.0,0.0,OPTIMAL,50.0,0.0,19448.776420623853,-0.11246826503702323,,0.0,199.99943765867482,99.99943765867482,0.0,false
5,-0.001,199.999,0.0,0.0,0.0,OPTIMAL,50.0,0.0,19448.688888888886,-0.20000000000436557,,0.0,199.999,99.999,0.0,false
5,-0.0017782794100389228,199.99822172058995,0.0,0.0,0.0,OPTIMAL,50.0,0.0,19448.533233006878,-0.3556558820127975,,0.0,199.99822172058995,99.99822172058995,0.0,false
5,-0.0031622776601683794,199.99683772233982,0.0,0.0,0.0,OPTIMAL,50.0,0.0,19448.25643335685,-0.6324555320388754,,0.0,199.99683772233982,99.99683772233982,0.0,false
5,-0.005623413251903491,199.9943765867481,0.0,0.0,0.0,OPTIMAL,50.0,0.0,19447.76420623851,-1.1246826503811462,,0.0,199.9943765867481,99.9943765867481,0.0,false
5,-0.010000000000000002,199.99,0.0,0.0,0.0,OPTIMAL,50.0,0.0,19446.88888888889,-2.0,,0.0,199.99,99.99000000000001,0.0,false
5,-0.01778279410038923,199.98221720589962,0.0,0.0,0.0,OPTIMAL,50.0,0.0,19445.332330068813,-3.5565588200770435,,0.0,199.98221720589962,99.98221720589962,0.0,false
5,-0.03162277660168379,199.9683772233983,0.0,0.0,0.0,OPTIMAL,50.0,0.0,19442.564333568553,-6.324555320337822,,0.0,199.9683772233983,99.9683772233983,0.0,false
5,-0.05623413251903491,199.94376586748098,0.0,0.0,0.0,OPTIMAL,50.0,0.0,19437.642062385086,-11.246826503804186,,0.0,199.94376586748098,99.94376586748098,0.0,false
5,-0.1,199.9,0.0,0.0,0.0,OPTIMAL,50.0,0.0,19428.88888888889,-20.0,,0.0,199.9,99.9,0.0,false
5,-0.1778279410038923,199.8221720589961,0.0,0.0,0.0,OPTIMAL,50.0,0.0,19413.32330068811,-35.56558820078135,,0.0,199.8221720589961,99.8221720589961,0.0,false
5,-0.31622776601683794,199.68377223398315,0.0,0.0,0.0,OPTIMAL,50.0,0.0,19385.64333568552,-63.245553203370946,,0.0,199.68377223398315,99.68377223398315,0.0,false
5,-0.5623413251903491,199.43765867480965,0.0,0.0,0.0,OPTIMAL,50.0,0.0,19336.42062385082,-112.46826503807097,,0.0,199.43765867480965,99.43765867480965,0.0,false
5,-1.0,199.0,0.0,0.0,0.0,OPTIMAL,50.0,0.0,19248.88888888889,-200.0,,0.0,199.0,99.0,0.0,false
5,1.0e-6,200.000001,0.0,0.0,0.0,OPTIMAL,50.0,0.0,19448.889088888885,0.00019999999494757503,,0.0,200.000001,100.000001,0.0,false
5,1.778279410038923e-6,200.0000017782794,0.0,0.0,0.0,OPTIMAL,50.0,0.0,19448.88924454477,0.00035565588041208684,,0.0,200.0000017782794,100.0000017782794,0.0,false
5,3.162277660168379e-6,200.00000316227766,0.0,0.0,0.0,OPTIMAL,50.0,0.0,19448.88952134442,0.0006324555288301781,,0.0,200.00000316227766,100.00000316227766,0.0,false
5,5.623413251903491e-6,200.00000562341324,0.0,0.0,0.0,OPTIMAL,50.0,0.0,19448.890013571538,0.0011246826470596716,,0.0,200.00000562341324,100.00000562341324,0.0,false
5,1.0e-5,200.00001,0.0,0.0,0.0,OPTIMAL,50.0,0.0,19448.89088888889,0.0020000000004074536,,0.0,200.00001,100.00001,0.0,false
5,1.778279410038923e-5,200.0000177827941,0.0,0.0,0.0,OPTIMAL,50.0,0.0,19448.89244544771,0.0035565588186727837,,0.0,200.0000177827941,100.00001778279409,0.0,false
5,3.1622776601683795e-5,200.0000316227766,0.0,0.0,0.0,OPTIMAL,50.0,0.0,19448.895213444208,0.006324555317405611,,0.0,200.0000316227766,100.00003162277659,0.0,false
5,5.623413251903491e-5,200.00005623413253,0.0,0.0,0.0,OPTIMAL,50.0,0.0,19448.900135715394,0.011246826503338525,,0.0,200.00005623413253,100.00005623413253,0.0,false
5,0.0001,200.0001,0.0,0.0,0.0,OPTIMAL,50.0,0.0,19448.908888888887,0.01999999999679858,,0.0,200.0001,100.0001,0.0,false
5,0.00017782794100389227,200.000177827941,0.0,0.0,0.0,OPTIMAL,50.0,0.0,19448.92445447709,0.03556558820127975,,0.0,200.000177827941,100.000177827941,0.0,false
5,0.00031622776601683794,200.000316227766,0.0,0.0,0.0,OPTIMAL,50.0,0.0,19448.95213444209,0.06324555319952196,,0.0,200.000316227766,100.000316227766,0.0,false
5,0.0005623413251903491,200.00056234132518,0.0,0.0,0.0,OPTIMAL,50.0,0.0,19449.001357153924,0.11246826503338525,,0.0,200.00056234132518,100.00056234132518,0.0,false
5,0.001,200.001,0.0,0.0,0.0,OPTIMAL,50.0,0.0,19449.088888888888,0.19999999999708962,,0.0,200.001,100.001,0.0,false
5,0.0017782794100389228,200.00177827941005,0.0,0.0,0.0,OPTIMAL,50.0,0.0,19449.244544770896,0.35565588200552156,,0.0,200.00177827941005,100.00177827941005,0.0,false
5,0.0031622776601683794,200.00316227766018,0.0,0.0,0.0,OPTIMAL,50.0,0.0,19449.521344420922,0.6324555320315994,,0.0,200.00316227766018,100.00316227766018,0.0,false
5,0.005623413251903491,200.0056234132519,0.0,0.0,0.0,OPTIMAL,50.0,0.0,19450.013571539268,1.1246826503775083,,0.0,200.0056234132519,100.0056234132519,0.0,false
5,0.010000000000000002,200.01,0.0,0.0,0.0,OPTIMAL,50.0,0.0,19450.888888888887,1.999999999996362,,0.0,200.01,100.00999999999999,0.0,false
5,0.01778279410038923,200.01778279410038,0.0,0.0,0.0,OPTIMAL,50.0,0.0,19452.445447708968,3.5565588200770435,,0.0,200.01778279410038,100.01778279410038,0.0,false
5,0.03162277660168379,200.0316227766017,0.0,0.0,0.0,OPTIMAL,50.0,0.0,19455.21344420923,6.324555320337822,,0.0,200.0316227766017,100.0316227766017,0.0,false
5,0.05623413251903491,200.05623413251902,0.0,0.0,0.0,OPTIMAL,50.0,0.0,19460.135715392695,11.246826503804186,,0.0,200.05623413251902,100.05623413251902,0.0,false
5,0.1,200.1,0.0,0.0,0.0,OPTIMAL,50.0,0.0,19468.888888888887,19.999999999996362,,0.0,200.1,100.1,0.0,false
5,0.1778279410038923,200.1778279410039,0.0,0.0,0.0,OPTIMAL,50.0,0.0,19484.45447708967,35.56558820077771,,0.0,200.1778279410039,100.1778279410039,0.0,false
5,0.31622776601683794,200.31622776601685,0.0,0.0,0.0,OPTIMAL,50.0,0.0,19512.13444209226,63.245553203370946,,0.0,200.31622776601685,100.31622776601685,0.0,false
5,0.5623413251903491,200.56234132519035,0.0,0.0,0.0,OPTIMAL,50.0,0.0,19561.357153926958,112.46826503806733,,0.0,200.56234132519035,100.56234132519035,0.0,false
5,1.0,201.0,0.0,0.0,0.0,OPTIMAL,50.0,0.0,19648.88888888889,200.0,,0.0,201.0,101.0,0.0,false
5,0.0,200.0,-0.001,0.0,0.0,OPTIMAL,50.0,0.0,19448.88888888889,0.0,,0.0,200.0,100.0,0.0,false
5,-1.0e-6,199.999999,-0.001,0.0,0.0,OPTIMAL,50.0,0.0,19448.88868888889,-0.00020000000222353265,,0.0,199.999999,99.999999,0.0,false
5,-1.778279410038923e-6,199.9999982217206,-0.001,0.0,0.0,OPTIMAL,50.0,0.0,19448.88853323301,-0.00035565588041208684,,0.0,199.9999982217206,99.9999982217206,0.0,false
5,-3.162277660168379e-6,199.99999683772234,-0.001,0.0,0.0,OPTIMAL,50.0,0.0,19448.888256433354,-0.0006324555361061357,,0.0,199.99999683772234,99.99999683772234,0.0,false
5,-5.623413251903491e-6,199.99999437658676,-0.001,0.0,0.0,OPTIMAL,50.0,0.0,19448.88776420624,-0.0011246826506976504,,0.0,199.99999437658676,99.99999437658676,0.0,false
5,-1.0e-5,199.99999,-0.001,0.0,0.0,OPTIMAL,50.0,0.0,19448.88688888889,-0.0020000000004074536,,0.0,199.99999,99.99999,0.0,false
5,-1.778279410038923e-5,199.9999822172059,-0.001,0.0,0.0,OPTIMAL,50.0,0.0,19448.885332330072,-0.0035565588186727837,,0.0,199.9999822172059,99.99998221720591,0.0,false
5,-3.1622776601683795e-5,199.9999683772234,-0.001,0.0,0.0,OPTIMAL,50.0,0.0,19448.882564333573,-0.006324555317405611,,0.0,199.9999683772234,99.99996837722341,0.0,false
5,-5.623413251903491e-5,199.99994376586747,-0.001,0.0,0.0,OPTIMAL,50.0,0.0,19448.877642062384,-0.011246826506976504,,0.0,199.99994376586747,99.99994376586747,0.0,false
5,-0.0001,199.9999,-0.001,0.0,0.0,OPTIMAL,50.0,0.0,19448.868888888886,-0.020000000004074536,,0.0,199.9999,99.9999,0.0,false
5,-0.00017782794100389227,199.999822172059,-0.001,0.0,0.0,OPTIMAL,50.0,0.0,19448.85332330069,-0.03556558820127975,,0.0,199.999822172059,99.999822172059,0.0,false
5,-0.00031622776601683794,199.999683772234,-0.001,0.0,0.0,OPTIMAL,50.0,0.0,19448.825643335687,-0.06324555320315994,,0.0,199.999683772234,99.999683772234,0.0,false
5,-0.0005623413251903491,199.99943765867482,-0.001,0.0,0.0,OPTIMAL,50.0,0.0,19448.776420623853,-0.11246826503702323,,0.0,199.99943765867482,99.99943765867482,0.0,false
5,-0.001,199.999,-0.001,0.0,0.0,OPTIMAL,50.0,0.0,19448.688888888886,-0.20000000000436557,,0.0,199.999,99.999,0.0,false
5,-0.0017782794100389228,199.99822172058995,-0.001,0.0,0.0,OPTIMAL,50.0,0.0,19448.533233006878,-0.3556558820127975,,0.0,199.99822172058995,99.99822172058995,0.0,false
5,-0.0031622776601683794,199.99683772233982,-0.001,0.0,0.0,OPTIMAL,50.0,0.0,19448.25643335685,-0.6324555320388754,,0.0,199.99683772233982,99.99683772233982,0.0,false
5,-0.005623413251903491,199.9943765867481,-0.001,0.0,0.0,OPTIMAL,50.0,0.0,19447.76420623851,-1.1246826503811462,,0.0,199.9943765867481,99.9943765867481,0.0,false
5,-0.010000000000000002,199.99,-0.001,0.0,0.0,OPTIMAL,50.0,0.0,19446.88888888889,-2.0,,0.0,199.99,99.99000000000001,0.0,false
5,-0.01778279410038923,199.98221720589962,-0.001,0.0,0.0,OPTIMAL,50.0,0.0,19445.332330068813,-3.5565588200770435,,0.0,199.98221720589962,99.98221720589962,0.0,false
5,-0.03162277660168379,199.9683772233983,-0.001,0.0,0.0,OPTIMAL,50.0,0.0,19442.564333568553,-6.324555320337822,,0.0,199.9683772233983,99.9683772233983,0.0,false
5,-0.05623413251903491,199.94376586748098,-0.001,0.0,0.0,OPTIMAL,50.0,0.0,19437.642062385086,-11.246826503804186,,0.0,199.94376586748098,99.94376586748098,0.0,false
5,-0.1,199.9,-0.001,0.0,0.0,OPTIMAL,50.0,0.0,19428.88888888889,-20.0,,0.0,199.9,99.9,0.0,false
5,-0.1778279410038923,199.8221720589961,-0.001,0.0,0.0,OPTIMAL,50.0,0.0,19413.32330068811,-35.56558820078135,,0.0,199.8221720589961,99.8221720589961,0.0,false
5,-0.31622776601683794,199.68377223398315,-0.001,0.0,0.0,OPTIMAL,50.0,0.0,19385.64333568552,-63.245553203370946,,0.0,199.68377223398315,99.68377223398315,0.0,false
5,-0.5623413251903491,199.43765867480965,-0.001,0.0,0.0,OPTIMAL,50.0,0.0,19336.42062385082,-112.46826503807097,,0.0,199.43765867480965,99.43765867480965,0.0,false
5,-1.0,199.0,-0.001,0.0,0.0,OPTIMAL,50.0,0.0,19248.88888888889,-200.0,,0.0,199.0,99.0,0.0,false
5,1.0e-6,200.000001,-0.001,0.0,0.0,OPTIMAL,50.0,0.0,19448.889088888885,0.00019999999494757503,,0.0,200.000001,100.000001,0.0,false
5,1.778279410038923e-6,200.0000017782794,-0.001,0.0,0.0,OPTIMAL,50.0,0.0,19448.88924454477,0.00035565588041208684,,0.0,200.0000017782794,100.0000017782794,0.0,false
5,3.162277660168379e-6,200.00000316227766,-0.001,0.0,0.0,OPTIMAL,50.0,0.0,19448.88952134442,0.0006324555288301781,,0.0,200.00000316227766,100.00000316227766,0.0,false
5,5.623413251903491e-6,200.00000562341324,-0.001,0.0,0.0,OPTIMAL,50.0,0.0,19448.890013571538,0.0011246826470596716,,0.0,200.00000562341324,100.00000562341324,0.0,false
5,1.0e-5,200.00001,-0.001,0.0,0.0,OPTIMAL,50.0,0.0,19448.89088888889,0.0020000000004074536,,0.0,200.00001,100.00001,0.0,false
5,1.778279410038923e-5,200.0000177827941,-0.001,0.0,0.0,OPTIMAL,50.0,0.0,19448.89244544771,0.0035565588186727837,,0.0,200.0000177827941,100.00001778279409,0.0,false
5,3.1622776601683795e-5,200.0000316227766,-0.001,0.0,0.0,OPTIMAL,50.0,0.0,19448.895213444208,0.006324555317405611,,0.0,200.0000316227766,100.00003162277659,0.0,false
5,5.623413251903491e-5,200.00005623413253,-0.001,0.0,0.0,OPTIMAL,50.0,0.0,19448.900135715394,0.011246826503338525,,0.0,200.00005623413253,100.00005623413253,0.0,false
5,0.0001,200.0001,-0.001,0.0,0.0,OPTIMAL,50.0,0.0,19448.908888888887,0.01999999999679858,,0.0,200.0001,100.0001,0.0,false
5,0.00017782794100389227,200.000177827941,-0.001,0.0,0.0,OPTIMAL,50.0,0.0,19448.92445447709,0.03556558820127975,,0.0,200.000177827941,100.000177827941,0.0,false
5,0.00031622776601683794,200.000316227766,-0.001,0.0,0.0,OPTIMAL,50.0,0.0,19448.95213444209,0.06324555319952196,,0.0,200.000316227766,100.000316227766,0.0,false
5,0.0005623413251903491,200.00056234132518,-0.001,0.0,0.0,OPTIMAL,50.0,0.0,19449.001357153924,0.11246826503338525,,0.0,200.00056234132518,100.00056234132518,0.0,false
5,0.001,200.001,-0.001,0.0,0.0,OPTIMAL,50.0,0.0,19449.088888888888,0.19999999999708962,,0.0,200.001,100.001,0.0,false
5,0.0017782794100389228,200.00177827941005,-0.001,0.0,0.0,OPTIMAL,50.0,0.0,19449.244544770896,0.35565588200552156,,0.0,200.00177827941005,100.00177827941005,0.0,false
5,0.0031622776601683794,200.00316227766018,-0.001,0.0,0.0,OPTIMAL,50.0,0.0,19449.521344420922,0.6324555320315994,,0.0,200.00316227766018,100.00316227766018,0.0,false
5,0.005623413251903491,200.0056234132519,-0.001,0.0,0.0,OPTIMAL,50.0,0.0,19450.013571539268,1.1246826503775083,,0.0,200.0056234132519,100.0056234132519,0.0,false
5,0.010000000000000002,200.01,-0.001,0.0,0.0,OPTIMAL,50.0,0.0,19450.888888888887,1.999999999996362,,0.0,200.01,100.00999999999999,0.0,false
5,0.01778279410038923,200.01778279410038,-0.001,0.0,0.0,OPTIMAL,50.0,0.0,19452.445447708968,3.5565588200770435,,0.0,200.01778279410038,100.01778279410038,0.0,false
5,0.03162277660168379,200.0316227766017,-0.001,0.0,0.0,OPTIMAL,50.0,0.0,19455.21344420923,6.324555320337822,,0.0,200.0316227766017,100.0316227766017,0.0,false
5,0.05623413251903491,200.05623413251902,-0.001,0.0,0.0,OPTIMAL,50.0,0.0,19460.135715392695,11.246826503804186,,0.0,200.05623413251902,100.05623413251902,0.0,false
5,0.1,200.1,-0.001,0.0,0.0,OPTIMAL,50.0,0.0,19468.888888888887,19.999999999996362,,0.0,200.1,100.1,0.0,false
5,0.1778279410038923,200.1778279410039,-0.001,0.0,0.0,OPTIMAL,50.0,0.0,19484.45447708967,35.56558820077771,,0.0,200.1778279410039,100.1778279410039,0.0,false
5,0.31622776601683794,200.31622776601685,-0.001,0.0,0.0,OPTIMAL,50.0,0.0,19512.13444209226,63.245553203370946,,0.0,200.31622776601685,100.31622776601685,0.0,false
5,0.5623413251903491,200.56234132519035,-0.001,0.0,0.0,OPTIMAL,50.0,0.0,19561.357153926958,112.46826503806733,,0.0,200.56234132519035,100.56234132519035,0.0,false
5,1.0,201.0,-0.001,0.0,0.0,OPTIMAL,50.0,0.0,19648.88888888889,200.0,,0.0,201.0,101.0,0.0,false
6,0.0,100.0,,200.0,0.0,OPTIMAL,50.0,0.0,19448.88888888889,0.0,,0.0,100.0,0.0,0.0,false
6,-1.0e-6,99.999999,,200.0,0.0,OPTIMAL,50.0,0.0,19448.88868888889,-0.00020000000222353265,50.00000055588316,0.0,99.999999,0.0,0.0,false
6,-1.778279410038923e-6,99.99999822172059,,200.0,0.0,OPTIMAL,50.0,0.0,19448.888533233006,-0.00035565588405006565,50.00000028711476,0.0,99.99999822172059,0.0,0.0,false
6,-3.162277660168379e-6,99.99999683772234,,200.0,0.0,OPTIMAL,50.0,0.0,19448.888256433354,-0.0006324555361061357,50.00000032195622,0.0,99.99999683772234,0.0,0.0,false
6,-5.623413251903491e-6,99.99999437658674,,200.0,0.0,OPTIMAL,50.0,0.0,19448.887764206236,-0.0011246826543356292,50.000000175824304,0.0,99.99999437658674,0.0,0.0,false
6,-1.0e-5,99.99999,,200.0,0.0,OPTIMAL,50.0,0.0,19448.88688888889,-0.0020000000004074536,50.000000010186334,0.0,99.99999,0.0,0.0,false
6,-1.778279410038923e-5,99.9999822172059,,200.0,0.0,OPTIMAL,50.0,0.0,19448.88533233007,-0.0035565588223107625,50.00000003139154,0.0,99.9999822172059,0.0,0.0,false
6,-3.1622776601683795e-5,99.9999683772234,,200.0,0.0,OPTIMAL,50.0,0.0,19448.882564333566,-0.006324555324681569,50.00000003434874,0.0,99.9999683772234,0.0,0.0,false
6,-5.623413251903491e-5,99.99994376586749,,200.0,0.0,OPTIMAL,50.0,0.0,19448.877642062384,-0.011246826506976504,50.000000014090745,0.0,99.99994376586749,0.0,0.0,false
6,-0.0001,99.9999,,200.0,0.0,OPTIMAL,50.0,0.0,19448.868888888886,-0.020000000004074536,50.00000001018634,0.0,99.9999,0.0,0.0,false
6,-0.00017782794100389227,99.999822172059,,200.0,0.0,OPTIMAL,50.0,0.0,19448.85332330069,-0.03556558820127975,50.00000000070475,0.0,99.999822172059,0.0,0.0,false
6,-0.00031622776601683794,99.99968377223398,,200.0,0.0,OPTIMAL,50.0,0.0,19448.825643335684,-0.06324555320679792,50.000000002711914,0.0,99.99968377223398,0.0,0.0,false
6,-0.0005623413251903491,99.99943765867481,,200.0,0.0,OPTIMAL,50.0,0.0,19448.77642062385,-0.11246826504066121,50.00000000115205,0.0,99.99943765867481,0.0,0.0,false
6,-0.001,99.999,,200.0,0.0,OPTIMAL,50.0,0.0,19448.688888888886,-0.20000000000436557,50.000000001091394,0.0,99.999,0.0,0.0,false
6,-0.0017782794100389228,99.99822172058997,,200.0,0.0,OPTIMAL,50.0,0.0,19448.53323300688,-0.35565588200915954,50.0000000001933,0.0,99.99822172058997,0.0,0.0,false
6,-0.0031622776601683794,99.99683772233983,,200.0,0.0,OPTIMAL,50.0,0.0,19448.256433356855,-0.6324555320352374,50.00000000012345,0.0,99.99683772233983,0.0,0.0,false
6,-0.005623413251903491,99.9943765867481,,200.0,0.0,OPTIMAL,50.0,0.0,19447.76420623851,-1.1246826503811462,50.00000000001992,0.0,99.9943765867481,0.0,0.0,false
6,-0.010000000000000002,99.99,,200.0,0.0,OPTIMAL,50.0,0.0,19446.888888888887,-2.000000000003638,50.00000000009094,0.0,99.99,0.0,0.0,false
6,-0.01778279410038923,99.98221720589962,,200.0,0.0,OPTIMAL,50.0,0.0,19445.332330068813,-3.5565588200770435,49.99999999998872,0.0,99.98221720589962,0.0,0.0,false
6,-0.03162277660168379,99.96837722339832,,200.0,0.0,OPTIMAL,50.0,0.0,19442.564333568553,-6.324555320337822,50.00000000000841,0.0,99.96837722339832,0.0,0.0,false
6,-0.05623413251903491,99.94376586748096,,200.0,0.0,OPTIMAL,50.0,0.0,19437.64206238508,-11.246826503811462,50.00000000001992,0.0,99.94376586748096,0.0,0.0,false
6,-0.1,99.9,,200.0,0.0,OPTIMAL,50.0,0.0,19428.88888888889,-20.0,50.0,0.0,99.9,0.0,0.0,false
6,-0.1778279410038923,99.8221720589961,,200.0,0.0,OPTIMAL,50.0,0.0,19413.32330068811,-35.56558820078135,50.000000000004064,0.0,99.8221720589961,0.0,0.0,false
6,-0.31622776601683794,99.68377223398316,,200.0,0.0,OPTIMAL,50.0,0.0,19385.64333568552,-63.245553203370946,50.00000000000266,0.0,99.68377223398316,0.0,0.0,false
6,-0.5623413251903491,99.43765867480965,,200.0,0.0,OPTIMAL,50.0,0.0,19336.42062385082,-112.46826503807097,50.00000000000051,0.0,99.43765867480965,0.0,0.0,false
6,-1.0,99.0,,200.0,0.0,OPTIMAL,50.0,0.0,19248.88888888889,-200.0,50.0,0.0,99.0,0.0,0.0,false
6,1.0e-6,100.000001,,200.0,0.0,OPTIMAL,50.0,0.0,19448.889088888885,0.00019999999494757503,49.99999873689376,0.0,100.000001,0.0,0.0,false
6,1.778279410038923e-6,100.00000177827941,,200.0,0.0,OPTIMAL,50.0,0.0,19448.88924454477,0.00035565588041208684,49.99999977566831,0.0,100.00000177827941,0.0,0.0,false
6,3.162277660168379e-6,100.00000316227766,,200.0,0.0,OPTIMAL,50.0,0.0,19448.88952134442,0.0006324555288301781,49.99999974674127,0.0,100.00000316227766,0.0,0.0,false
6,5.623413251903491e-6,100.00000562341326,,200.0,0.0,OPTIMAL,50.0,0.0,19448.89001357154,0.0011246826506976504,50.00000001409074,0.0,100.00000562341326,0.0,0.0,false
6,1.0e-5,100.00001,,200.0,0.0,OPTIMAL,50.0,0.0,19448.89088888889,0.0020000000004074536,50.000000010186334,0.0,100.00001,0.0,0.0,false
6,1.778279410038923e-5,100.0000177827941,,200.0,0.0,OPTIMAL,50.0,0.0,19448.89244544771,0.0035565588186727837,49.99999998024689,0.0,100.0000177827941,0.0,0.0,false
6,3.1622776601683795e-5,100.0000316227766,,200.0,0.0,OPTIMAL,50.0,0.0,19448.895213444208,0.006324555317405611,49.99999997682724,0.0,100.0000316227766,0.0,0.0,false
6,5.623413251903491e-5,100.00005623413251,,200.0,0.0,OPTIMAL,50.0,0.0,19448.90013571539,0.011246826499700546,49.999999981744025,0.0,100.00005623413251,0.0,0.0,false
6,0.0001,100.0001,,200.0,0.0,OPTIMAL,50.0,0.0,19448.908888888887,0.01999999999679858,49.99999999199645,0.0,100.0001,0.0,0.0,false
6,0.00017782794100389227,100.000177827941,,200.0,0.0,OPTIMAL,50.0,0.0,19448.92445447709,0.03556558820127975,50.00000000070475,0.0,100.000177827941,0.0,0.0,false
6,0.00031622776601683794,100.00031622776602,,200.0,0.0,OPTIMAL,50.0,0.0,19448.952134442094,0.06324555320315994,49.99999999983584,0.0,100.00031622776602,0.0,0.0,false
6,0.0005623413251903491,100.00056234132519,,200.0,0.0,OPTIMAL,50.0,0.0,19449.001357153928,0.11246826503702323,49.999999999534715,0.0,100.00056234132519,0.0,0.0,false
6,0.001,100.001,,200.0,0.0,OPTIMAL,50.0,0.0,19449.088888888888,0.19999999999708962,49.999999999272404,0.0,100.001,0.0,0.0,false
6,0.0017782794100389228,100.00177827941003,,200.0,0.0,OPTIMAL,50.0,0.0,19449.244544770896,0.35565588200552156,49.999999999681854,0.0,100.00177827941003,0.0,0.0,false
6,0.0031622776601683794,100.00316227766017,,200.0,0.0,OPTIMAL,50.0,0.0,19449.521344420922,0.6324555320315994,49.99999999983584,0.0,100.00316227766017,0.0,0.0,false
6,0.005623413251903491,100.0056234132519,,200.0,0.0,OPTIMAL,50.0,0.0,19450.013571539268,1.1246826503775083,49.99999999985818,0.0,100.0056234132519,0.0,0.0,false
6,0.010000000000000002,100.01,,200.0,0.0,OPTIMAL,50.0,0.0,19450.88888888889,2.0,49.99999999999999,0.0,100.01,0.0,0.0,false
6,0.01778279410038923,100.01778279410038,,200.0,0.0,OPTIMAL,50.0,0.0,19452.445447708968,3.5565588200770435,49.99999999998872,0.0,100.01778279410038,0.0,0.0,false
6,0.03162277660168379,100.03162277660168,,200.0,0.0,OPTIMAL,50.0,0.0,19455.213444209225,6.324555320334184,49.99999999997965,0.0,100.03162277660168,0.0,0.0,false
6,0.05623413251903491,100.05623413251904,,200.0,0.0,OPTIMAL,50.0,0.0,19460.135715392695,11.246826503804186,49.99999999998757,0.0,100.05623413251904,0.0,0.0,false
6,0.1,100.1,,200.0,0.0,OPTIMAL,50.0,0.0,19468.888888888887,19.999999999996362,49.999999999990905,0.0,100.1,0.0,0.0,false
6,0.1778279410038923,100.1778279410039,,200.0,0.0,OPTIMAL,50.0,0.0,19484.45447708967,35.56558820077771,49.99999999999895,0.0,100.1778279410039,0.0,0.0,false
6,0.31622776601683794,100.31622776601684,,200.0,0.0,OPTIMAL,50.0,0.0,19512.134442092254,63.24555320336367,49.9999999999969,0.0,100.31622776601684,0.0,0.0,false
6,0.5623413251903491,100.56234132519035,,200.0,0.0,OPTIMAL,50.0,0.0,19561.357153926958,112.46826503806733,49.9999999999989,0.0,100.56234132519035,0.0,0.0,false
6,1.0,101.0,,200.0,0.0,OPTIMAL,50.0,0.0,19648.88888888889,200.0,50.0,0.0,101.0,0.0,0.0,false
6,0.0,100.0,0.0,0.0,0.0,OPTIMAL,50.0,0.0,19448.88888888889,0.0,,0.0,100.0,0.0,0.0,false
6,-1.0e-6,99.999999,0.0,0.0,0.0,OPTIMAL,50.0,0.0,19448.88868888889,-0.00020000000222353265,,0.0,99.999999,0.0,0.0,false
6,-1.778279410038923e-6,99.99999822172059,0.0,0.0,0.0,OPTIMAL,50.0,0.0,19448.888533233006,-0.00035565588405006565,,0.0,99.99999822172059,0.0,0.0,false
6,-3.162277660168379e-6,99.99999683772234,0.0,0.0,0.0,OPTIMAL,50.0,0.0,19448.888256433354,-0.0006324555361061357,,0.0,99.99999683772234,0.0,0.0,false
6,-5.623413251903491e-6,99.99999437658674,0.0,0.0,0.0,OPTIMAL,50.0,0.0,19448.887764206236,-0.0011246826543356292,,0.0,99.99999437658674,0.0,0.0,false
6,-1.0e-5,99.99999,0.0,0.0,0.0,OPTIMAL,50.0,0.0,19448.88688888889,-0.0020000000004074536,,0.0,99.99999,0.0,0.0,false
6,-1.778279410038923e-5,99.9999822172059,0.0,0.0,0.0,OPTIMAL,50.0,0.0,19448.88533233007,-0.0035565588223107625,,0.0,99.9999822172059,0.0,0.0,false
6,-3.1622776601683795e-5,99.9999683772234,0.0,0.0,0.0,OPTIMAL,50.0,0.0,19448.882564333566,-0.006324555324681569,,0.0,99.9999683772234,0.0,0.0,false
6,-5.623413251903491e-5,99.99994376586749,0.0,0.0,0.0,OPTIMAL,50.0,0.0,19448.877642062384,-0.011246826506976504,,0.0,99.99994376586749,0.0,0.0,false
6,-0.0001,99.9999,0.0,0.0,0.0,OPTIMAL,50.0,0.0,19448.868888888886,-0.020000000004074536,,0.0,99.9999,0.0,0.0,false
6,-0.00017782794100389227,99.999822172059,0.0,0.0,0.0,OPTIMAL,50.0,0.0,19448.85332330069,-0.03556558820127975,,0.0,99.999822172059,0.0,0.0,false
6,-0.00031622776601683794,99.99968377223398,0.0,0.0,0.0,OPTIMAL,50.0,0.0,19448.825643335684,-0.06324555320679792,,0.0,99.99968377223398,0.0,0.0,false
6,-0.0005623413251903491,99.99943765867481,0.0,0.0,0.0,OPTIMAL,50.0,0.0,19448.77642062385,-0.11246826504066121,,0.0,99.99943765867481,0.0,0.0,false
6,-0.001,99.999,0.0,0.0,0.0,OPTIMAL,50.0,0.0,19448.688888888886,-0.20000000000436557,,0.0,99.999,0.0,0.0,false
6,-0.0017782794100389228,99.99822172058997,0.0,0.0,0.0,OPTIMAL,50.0,0.0,19448.53323300688,-0.35565588200915954,,0.0,99.99822172058997,0.0,0.0,false
6,-0.0031622776601683794,99.99683772233983,0.0,0.0,0.0,OPTIMAL,50.0,0.0,19448.256433356855,-0.6324555320352374,,0.0,99.99683772233983,0.0,0.0,false
6,-0.005623413251903491,99.9943765867481,0.0,0.0,0.0,OPTIMAL,50.0,0.0,19447.76420623851,-1.1246826503811462,,0.0,99.9943765867481,0.0,0.0,false
6,-0.010000000000000002,99.99,0.0,0.0,0.0,OPTIMAL,50.0,0.0,19446.888888888887,-2.000000000003638,,0.0,99.99,0.0,0.0,false
6,-0.01778279410038923,99.98221720589962,0.0,0.0,0.0,OPTIMAL,50.0,0.0,19445.332330068813,-3.5565588200770435,,0.0,99.98221720589962,0.0,0.0,false
6,-0.03162277660168379,99.96837722339832,0.0,0.0,0.0,OPTIMAL,50.0,0.0,19442.564333568553,-6.324555320337822,,0.0,99.96837722339832,0.0,0.0,false
6,-0.05623413251903491,99.94376586748096,0.0,0.0,0.0,OPTIMAL,50.0,0.0,19437.64206238508,-11.246826503811462,,0.0,99.94376586748096,0.0,0.0,false
6,-0.1,99.9,0.0,0.0,0.0,OPTIMAL,50.0,0.0,19428.88888888889,-20.0,,0.0,99.9,0.0,0.0,false
6,-0.1778279410038923,99.8221720589961,0.0,0.0,0.0,OPTIMAL,50.0,0.0,19413.32330068811,-35.56558820078135,,0.0,99.8221720589961,0.0,0.0,false
6,-0.31622776601683794,99.68377223398316,0.0,0.0,0.0,OPTIMAL,50.0,0.0,19385.64333568552,-63.245553203370946,,0.0,99.68377223398316,0.0,0.0,false
6,-0.5623413251903491,99.43765867480965,0.0,0.0,0.0,OPTIMAL,50.0,0.0,19336.42062385082,-112.46826503807097,,0.0,99.43765867480965,0.0,0.0,false
6,-1.0,99.0,0.0,0.0,0.0,OPTIMAL,50.0,0.0,19248.88888888889,-200.0,,0.0,99.0,0.0,0.0,false
6,1.0e-6,100.000001,0.0,0.0,0.0,OPTIMAL,50.0,0.0,19448.889088888885,0.00019999999494757503,,0.0,100.000001,0.0,0.0,false
6,1.778279410038923e-6,100.00000177827941,0.0,0.0,0.0,OPTIMAL,50.0,0.0,19448.88924454477,0.00035565588041208684,,0.0,100.00000177827941,0.0,0.0,false
6,3.162277660168379e-6,100.00000316227766,0.0,0.0,0.0,OPTIMAL,50.0,0.0,19448.88952134442,0.0006324555288301781,,0.0,100.00000316227766,0.0,0.0,false
6,5.623413251903491e-6,100.00000562341326,0.0,0.0,0.0,OPTIMAL,50.0,0.0,19448.89001357154,0.0011246826506976504,,0.0,100.00000562341326,0.0,0.0,false
6,1.0e-5,100.00001,0.0,0.0,0.0,OPTIMAL,50.0,0.0,19448.89088888889,0.0020000000004074536,,0.0,100.00001,0.0,0.0,false
6,1.778279410038923e-5,100.0000177827941,0.0,0.0,0.0,OPTIMAL,50.0,0.0,19448.89244544771,0.0035565588186727837,,0.0,100.0000177827941,0.0,0.0,false
6,3.1622776601683795e-5,100.0000316227766,0.0,0.0,0.0,OPTIMAL,50.0,0.0,19448.895213444208,0.006324555317405611,,0.0,100.0000316227766,0.0,0.0,false
6,5.623413251903491e-5,100.00005623413251,0.0,0.0,0.0,OPTIMAL,50.0,0.0,19448.90013571539,0.011246826499700546,,0.0,100.00005623413251,0.0,0.0,false
6,0.0001,100.0001,0.0,0.0,0.0,OPTIMAL,50.0,0.0,19448.908888888887,0.01999999999679858,,0.0,100.0001,0.0,0.0,false
6,0.00017782794100389227,100.000177827941,0.0,0.0,0.0,OPTIMAL,50.0,0.0,19448.92445447709,0.03556558820127975,,0.0,100.000177827941,0.0,0.0,false
6,0.00031622776601683794,100.00031622776602,0.0,0.0,0.0,OPTIMAL,50.0,0.0,19448.952134442094,0.06324555320315994,,0.0,100.00031622776602,0.0,0.0,false
6,0.0005623413251903491,100.00056234132519,0.0,0.0,0.0,OPTIMAL,50.0,0.0,19449.001357153928,0.11246826503702323,,0.0,100.00056234132519,0.0,0.0,false
6,0.001,100.001,0.0,0.0,0.0,OPTIMAL,50.0,0.0,19449.088888888888,0.19999999999708962,,0.0,100.001,0.0,0.0,false
6,0.0017782794100389228,100.00177827941003,0.0,0.0,0.0,OPTIMAL,50.0,0.0,19449.244544770896,0.35565588200552156,,0.0,100.00177827941003,0.0,0.0,false
6,0.0031622776601683794,100.00316227766017,0.0,0.0,0.0,OPTIMAL,50.0,0.0,19449.521344420922,0.6324555320315994,,0.0,100.00316227766017,0.0,0.0,false
6,0.005623413251903491,100.0056234132519,0.0,0.0,0.0,OPTIMAL,50.0,0.0,19450.013571539268,1.1246826503775083,,0.0,100.0056234132519,0.0,0.0,false
6,0.010000000000000002,100.01,0.0,0.0,0.0,OPTIMAL,50.0,0.0,19450.88888888889,2.0,,0.0,100.01,0.0,0.0,false
6,0.01778279410038923,100.01778279410038,0.0,0.0,0.0,OPTIMAL,50.0,0.0,19452.445447708968,3.5565588200770435,,0.0,100.01778279410038,0.0,0.0,false
6,0.03162277660168379,100.03162277660168,0.0,0.0,0.0,OPTIMAL,50.0,0.0,19455.213444209225,6.324555320334184,,0.0,100.03162277660168,0.0,0.0,false
6,0.05623413251903491,100.05623413251904,0.0,0.0,0.0,OPTIMAL,50.0,0.0,19460.135715392695,11.246826503804186,,0.0,100.05623413251904,0.0,0.0,false
6,0.1,100.1,0.0,0.0,0.0,OPTIMAL,50.0,0.0,19468.888888888887,19.999999999996362,,0.0,100.1,0.0,0.0,false
6,0.1778279410038923,100.1778279410039,0.0,0.0,0.0,OPTIMAL,50.0,0.0,19484.45447708967,35.56558820077771,,0.0,100.1778279410039,0.0,0.0,false
6,0.31622776601683794,100.31622776601684,0.0,0.0,0.0,OPTIMAL,50.0,0.0,19512.134442092254,63.24555320336367,,0.0,100.31622776601684,0.0,0.0,false
6,0.5623413251903491,100.56234132519035,0.0,0.0,0.0,OPTIMAL,50.0,0.0,19561.357153926958,112.46826503806733,,0.0,100.56234132519035,0.0,0.0,false
6,1.0,101.0,0.0,0.0,0.0,OPTIMAL,50.0,0.0,19648.88888888889,200.0,,0.0,101.0,0.0,0.0,false
6,0.0,100.0,-0.001,0.0,0.0,OPTIMAL,50.0,0.0,19448.88888888889,0.0,,0.0,100.0,0.0,0.0,false
6,-1.0e-6,99.999999,-0.001,0.0,0.0,OPTIMAL,50.0,0.0,19448.88868888889,-0.00020000000222353265,,0.0,99.999999,0.0,0.0,false
6,-1.778279410038923e-6,99.99999822172059,-0.001,0.0,0.0,OPTIMAL,50.0,0.0,19448.888533233006,-0.00035565588405006565,,0.0,99.99999822172059,0.0,0.0,false
6,-3.162277660168379e-6,99.99999683772234,-0.001,0.0,0.0,OPTIMAL,50.0,0.0,19448.888256433354,-0.0006324555361061357,,0.0,99.99999683772234,0.0,0.0,false
6,-5.623413251903491e-6,99.99999437658674,-0.001,0.0,0.0,OPTIMAL,50.0,0.0,19448.887764206236,-0.0011246826543356292,,0.0,99.99999437658674,0.0,0.0,false
6,-1.0e-5,99.99999,-0.001,0.0,0.0,OPTIMAL,50.0,0.0,19448.88688888889,-0.0020000000004074536,,0.0,99.99999,0.0,0.0,false
6,-1.778279410038923e-5,99.9999822172059,-0.001,0.0,0.0,OPTIMAL,50.0,0.0,19448.88533233007,-0.0035565588223107625,,0.0,99.9999822172059,0.0,0.0,false
6,-3.1622776601683795e-5,99.9999683772234,-0.001,0.0,0.0,OPTIMAL,50.0,0.0,19448.882564333566,-0.006324555324681569,,0.0,99.9999683772234,0.0,0.0,false
6,-5.623413251903491e-5,99.99994376586749,-0.001,0.0,0.0,OPTIMAL,50.0,0.0,19448.877642062384,-0.011246826506976504,,0.0,99.99994376586749,0.0,0.0,false
6,-0.0001,99.9999,-0.001,0.0,0.0,OPTIMAL,50.0,0.0,19448.868888888886,-0.020000000004074536,,0.0,99.9999,0.0,0.0,false
6,-0.00017782794100389227,99.999822172059,-0.001,0.0,0.0,OPTIMAL,50.0,0.0,19448.85332330069,-0.03556558820127975,,0.0,99.999822172059,0.0,0.0,false
6,-0.00031622776601683794,99.99968377223398,-0.001,0.0,0.0,OPTIMAL,50.0,0.0,19448.825643335684,-0.06324555320679792,,0.0,99.99968377223398,0.0,0.0,false
6,-0.0005623413251903491,99.99943765867481,-0.001,0.0,0.0,OPTIMAL,50.0,0.0,19448.77642062385,-0.11246826504066121,,0.0,99.99943765867481,0.0,0.0,false
6,-0.001,99.999,-0.001,0.0,0.0,OPTIMAL,50.0,0.0,19448.688888888886,-0.20000000000436557,,0.0,99.999,0.0,0.0,false
6,-0.0017782794100389228,99.99822172058997,-0.001,0.0,0.0,OPTIMAL,50.0,0.0,19448.53323300688,-0.35565588200915954,,0.0,99.99822172058997,0.0,0.0,false
6,-0.0031622776601683794,99.99683772233983,-0.001,0.0,0.0,OPTIMAL,50.0,0.0,19448.256433356855,-0.6324555320352374,,0.0,99.99683772233983,0.0,0.0,false
6,-0.005623413251903491,99.9943765867481,-0.001,0.0,0.0,OPTIMAL,50.0,0.0,19447.76420623851,-1.1246826503811462,,0.0,99.9943765867481,0.0,0.0,false
6,-0.010000000000000002,99.99,-0.001,0.0,0.0,OPTIMAL,50.0,0.0,19446.888888888887,-2.000000000003638,,0.0,99.99,0.0,0.0,false
6,-0.01778279410038923,99.98221720589962,-0.001,0.0,0.0,OPTIMAL,50.0,0.0,19445.332330068813,-3.5565588200770435,,0.0,99.98221720589962,0.0,0.0,false
6,-0.03162277660168379,99.96837722339832,-0.001,0.0,0.0,OPTIMAL,50.0,0.0,19442.564333568553,-6.324555320337822,,0.0,99.96837722339832,0.0,0.0,false
6,-0.05623413251903491,99.94376586748096,-0.001,0.0,0.0,OPTIMAL,50.0,0.0,19437.64206238508,-11.246826503811462,,0.0,99.94376586748096,0.0,0.0,false
6,-0.1,99.9,-0.001,0.0,0.0,OPTIMAL,50.0,0.0,19428.88888888889,-20.0,,0.0,99.9,0.0,0.0,false
6,-0.1778279410038923,99.8221720589961,-0.001,0.0,0.0,OPTIMAL,50.0,0.0,19413.32330068811,-35.56558820078135,,0.0,99.8221720589961,0.0,0.0,false
6,-0.31622776601683794,99.68377223398316,-0.001,0.0,0.0,OPTIMAL,50.0,0.0,19385.64333568552,-63.245553203370946,,0.0,99.68377223398316,0.0,0.0,false
6,-0.5623413251903491,99.43765867480965,-0.001,0.0,0.0,OPTIMAL,50.0,0.0,19336.42062385082,-112.46826503807097,,0.0,99.43765867480965,0.0,0.0,false
6,-1.0,99.0,-0.001,0.0,0.0,OPTIMAL,50.0,0.0,19248.88888888889,-200.0,,0.0,99.0,0.0,0.0,false
6,1.0e-6,100.000001,-0.001,0.0,0.0,OPTIMAL,50.0,0.0,19448.889088888885,0.00019999999494757503,,0.0,100.000001,0.0,0.0,false
6,1.778279410038923e-6,100.00000177827941,-0.001,0.0,0.0,OPTIMAL,50.0,0.0,19448.88924454477,0.00035565588041208684,,0.0,100.00000177827941,0.0,0.0,false
6,3.162277660168379e-6,100.00000316227766,-0.001,0.0,0.0,OPTIMAL,50.0,0.0,19448.88952134442,0.0006324555288301781,,0.0,100.00000316227766,0.0,0.0,false
6,5.623413251903491e-6,100.00000562341326,-0.001,0.0,0.0,OPTIMAL,50.0,0.0,19448.89001357154,0.0011246826506976504,,0.0,100.00000562341326,0.0,0.0,false
6,1.0e-5,100.00001,-0.001,0.0,0.0,OPTIMAL,50.0,0.0,19448.89088888889,0.0020000000004074536,,0.0,100.00001,0.0,0.0,false
6,1.778279410038923e-5,100.0000177827941,-0.001,0.0,0.0,OPTIMAL,50.0,0.0,19448.89244544771,0.0035565588186727837,,0.0,100.0000177827941,0.0,0.0,false
6,3.1622776601683795e-5,100.0000316227766,-0.001,0.0,0.0,OPTIMAL,50.0,0.0,19448.895213444208,0.006324555317405611,,0.0,100.0000316227766,0.0,0.0,false
6,5.623413251903491e-5,100.00005623413251,-0.001,0.0,0.0,OPTIMAL,50.0,0.0,19448.90013571539,0.011246826499700546,,0.0,100.00005623413251,0.0,0.0,false
6,0.0001,100.0001,-0.001,0.0,0.0,OPTIMAL,50.0,0.0,19448.908888888887,0.01999999999679858,,0.0,100.0001,0.0,0.0,false
6,0.00017782794100389227,100.000177827941,-0.001,0.0,0.0,OPTIMAL,50.0,0.0,19448.92445447709,0.03556558820127975,,0.0,100.000177827941,0.0,0.0,false
6,0.00031622776601683794,100.00031622776602,-0.001,0.0,0.0,OPTIMAL,50.0,0.0,19448.952134442094,0.06324555320315994,,0.0,100.00031622776602,0.0,0.0,false
6,0.0005623413251903491,100.00056234132519,-0.001,0.0,0.0,OPTIMAL,50.0,0.0,19449.001357153928,0.11246826503702323,,0.0,100.00056234132519,0.0,0.0,false
6,0.001,100.001,-0.001,0.0,0.0,OPTIMAL,50.0,0.0,19449.088888888888,0.19999999999708962,,0.0,100.001,0.0,0.0,false
6,0.0017782794100389228,100.00177827941003,-0.001,0.0,0.0,OPTIMAL,50.0,0.0,19449.244544770896,0.35565588200552156,,0.0,100.00177827941003,0.0,0.0,false
6,0.0031622776601683794,100.00316227766017,-0.001,0.0,0.0,OPTIMAL,50.0,0.0,19449.521344420922,0.6324555320315994,,0.0,100.00316227766017,0.0,0.0,false
6,0.005623413251903491,100.0056234132519,-0.001,0.0,0.0,OPTIMAL,50.0,0.0,19450.013571539268,1.1246826503775083,,0.0,100.0056234132519,0.0,0.0,false
6,0.010000000000000002,100.01,-0.001,0.0,0.0,OPTIMAL,50.0,0.0,19450.88888888889,2.0,,0.0,100.01,0.0,0.0,false
6,0.01778279410038923,100.01778279410038,-0.001,0.0,0.0,OPTIMAL,50.0,0.0,19452.445447708968,3.5565588200770435,,0.0,100.01778279410038,0.0,0.0,false
6,0.03162277660168379,100.03162277660168,-0.001,0.0,0.0,OPTIMAL,50.0,0.0,19455.213444209225,6.324555320334184,,0.0,100.03162277660168,0.0,0.0,false
6,0.05623413251903491,100.05623413251904,-0.001,0.0,0.0,OPTIMAL,50.0,0.0,19460.135715392695,11.246826503804186,,0.0,100.05623413251904,0.0,0.0,false
6,0.1,100.1,-0.001,0.0,0.0,OPTIMAL,50.0,0.0,19468.888888888887,19.999999999996362,,0.0,100.1,0.0,0.0,false
6,0.1778279410038923,100.1778279410039,-0.001,0.0,0.0,OPTIMAL,50.0,0.0,19484.45447708967,35.56558820077771,,0.0,100.1778279410039,0.0,0.0,false
6,0.31622776601683794,100.31622776601684,-0.001,0.0,0.0,OPTIMAL,50.0,0.0,19512.134442092254,63.24555320336367,,0.0,100.31622776601684,0.0,0.0,false
6,0.5623413251903491,100.56234132519035,-0.001,0.0,0.0,OPTIMAL,50.0,0.0,19561.357153926958,112.46826503806733,,0.0,100.56234132519035,0.0,0.0,false
6,1.0,101.0,-0.001,0.0,0.0,OPTIMAL,50.0,0.0,19648.88888888889,200.0,,0.0,101.0,0.0,0.0,false
